Key,Context,Example,Source,de,en-us,es,es-es,fr,it,ja,pt,ru
Average,,,,Durchschnitt,Average,Promedio,Promedio,Moyen,Media,平均,Média,Среднее
BACKPACK_SEARCH,,,,Suchen,Search,Buscar,Buscar,Rechercher,Cerca,サーチ,Pesquisar,Поиск
Current,,,,Aktuell,Current,Actual,Actual,Actuel,Attuale,現在,Atual,Текущее
FriendPlayerPrompt.DoPromptRequestFriendPlayer,,,,Möchtest du {RBX_NAME} eine Freundesanfrage senden?,Would you like to send {RBX_NAME} a Friend Request?,¿Quieres enviar a {RBX_NAME} una solicitud de amistad?,¿Quieres enviar a {RBX_NAME} una solicitud de amistad?,Souhaitez-vous envoyer une demande d'ami à {RBX_NAME} ?,Vuoi inviare una richiesta di amicizia a {RBX_NAME}?,{RBX_NAME} に友達リクエストを送りますか？,Gostaria de enviar um pedido de amizade para {RBX_NAME}?,Отправить пользователю {RBX_NAME} запрос дружбы?
FriendPlayerPrompt.DoPromptUnfriendPlayer,,,,Möchtest du {RBX_NAME} von deiner Freundesliste entfernen?,Would you like to remove {RBX_NAME} from your friends list?,¿Quieres eliminar a {RBX_NAME} de tu lista de amigos?,¿Quieres eliminar a {RBX_NAME} de tu lista de amigos?,Souhaitez-vous retirer {RBX_NAME} de votre liste d'amis ?,Vuoi rimuovere {RBX_NAME} dalla tua lista amici?,{RBX_NAME} を友達リストから削除しますか？,Gostaria de remover {RBX_NAME} da sua lista de amigos?,Удалить пользователя {RBX_NAME} из списка друзей?
FriendPlayerPrompt.promptCompletedCallback.AtFriendLimit,,,,"Du kannst {RBX_NAME} keine Freundesanfrage senden, da dieser Spieler die max. Anzahl an Freunden erreicht hat.",You can not send a friend request to {RBX_NAME} because they are at the max friend limit.,No puedes enviar una solicitud de amistad a {RBX_NAME} porque ha alcanzado el límite máximo de amigos.,No puedes enviar una solicitud de amistad a {RBX_NAME} porque ha alcanzado el límite máximo de amigos.,"Vous ne pouvez pas envoyer une demande d'ami à {RBX_NAME}, car il a atteint sa limite maximale d'amis.",Non puoi inviare una richiesta di amicizia a {RBX_NAME} perché ha raggiunto il limite massimo di amici.,{RBX_NAME}の友達が最大数に達しているため友達リクエストが送れませんでした。,Você não pode enviar um pedido de amizade para {RBX_NAME} pois ele(a) alcançou o limite máximo de amigos.,Нельзя отправить запрос дружбы пользователю {RBX_NAME}: количество его друзей достигло максимума.
FriendPlayerPrompt.promptCompletedCallback.UnknownError,,,,Beim Senden der Freundesanfrage an {RBX_NAME} ist ein Fehler aufgetreten. Bitte versuche es später erneut.,An error occurred while sending {RBX_NAME} a friend request. Please try again later.,Se ha producido un error al enviar una solicitud de amistad a {RBX_NAME}. Inténtalo de nuevo más tarde.,Se ha producido un error al enviar una solicitud de amistad a {RBX_NAME}. Inténtalo de nuevo más tarde.,Une erreur est survenue lors de l'envoi de la demande d'ami à {RBX_NAME}. Veuillez réessayer plus tard.,Si è verificato un errore nell'invio della richiesta di amicizia a {RBX_NAME}. Riprova più tardi.,{RBX_NAME} への友達リクエスト中にエラーが発生しました。しばらくしてからやり直してください。,Um erro ocorreu ao enviar um pedido de amizade para {RBX_NAME}. Tente de novo mais tarde.,При отправлении запроса дружбы пользователю {RBX_NAME} произошла ошибка. Повторите попытку позже.
KEY_DESCRIPTION_OPTIONAL,,,,Optional,Optional,Opcional,Opcional,Optionnel,Opzionale,オプション,Opcional,По усмотрению
KEY_PLAYER_IDLE_DISCONNECT,,,,"Deine Verbindung wurde getrennt, da du {RBX_NUMBER} Minuten lang untätig warst.",You were disconnected for being idle {RBX_NUMBER} minutes,Se te ha desconectado por no mostrar actividad durante {RBX_NUMBER} minutos.,Se te ha desconectado por no mostrar actividad durante {RBX_NUMBER} minutos.,Vous avez été déconnecté car vous êtes resté inactif durant {RBX_NUMBER} minutes.,Sei stato disconnesso perché inattivo per {RBX_NUMBER} minuti,{RBX_NUMBER} 分間アイドル状態だったので切断されました。,Você perdeu a conexão por ficar inativo(a) por {RBX_NUMBER} minutos,"Вы отключены, так как не были активны в течение {RBX_NUMBER} мин."
Network,,,,(Netzwerk),(Network),(Red),(Red),(Réseau),(Rete),(ネットワーク),(Rede),(Сеть)
NotificationScrip2.onCurrentGraphicsQualityLevelChanged.Decreased,,,,Verringert auf {RBX_NUMBER},Decreased to {RBX_NUMBER},Reducción a {RBX_NUMBER},Reducción a {RBX_NUMBER},Réduit jusqu'à {RBX_NUMBER},Sceso a {RBX_NUMBER},{RBX_NUMBER}に減少,Reduzido para {RBX_NUMBER},Уменьшено до {RBX_NUMBER}
NotificationScrip2.onCurrentGraphicsQualityLevelChanged.Increased,,,,Erhöht auf {RBX_NUMBER},Increased to {RBX_NUMBER},Aumento hasta {RBX_NUMBER},Aumento hasta {RBX_NUMBER},Augmenté jusqu'à {RBX_NUMBER},Salito a {RBX_NUMBER},{RBX_NUMBER}に増加,Aumentado para {RBX_NUMBER},Увеличено до {RBX_NUMBER}
NotificationScript2.FriendRequestEvent.Accept,,,,Sie sind jetzt Freunde mit {RBX_NAME}!,You are now friends with {RBX_NAME}!,Ahora eres amigo de {RBX_NAME}.,Ahora eres amigo de {RBX_NAME}.,Vous êtes maintenant ami avec {RBX_NAME}!,Sei ora amici di {RBX_NAME}!,あなたは{RBX_NAME}の友達です！,Agora você é amigo do {RBX_NAME}!,Вы теперь друзья с {RBX_NAME}!
NotificationScript2.NewFollower,,,,Neuer Follower {RBX_NAME} folgt dir jetzt!,New Follower {RBX_NAME} is now following you!,Seguidor nuevo: ¡{RBX_NAME} te está siguiendo!,Seguidor nuevo: ¡{RBX_NAME} te está siguiendo!,"Désormais, le nouvel abonné, {RBX_NAME}, vous suit !",Il nuovo follower {RBX_NAME} ha cominciato a seguirti!,新規フォロワー {RBX_NAME} があなたをフォローしました！,"O novo seguidor, {RBX_NAME}, está seguindo você agora!",На вас подписался пользователь {RBX_NAME}!
NotificationScript2.onPointsAwarded.multiple,,,,Du hast {RBX_NUMBER} Punkte erhalten!,You received {RBX_NUMBER} points!,¡Has recibido {RBX_NUMBER} puntos!,¡Has recibido {RBX_NUMBER} puntos!,Vous avez reçu {RBX_NUMBER} points !,Hai ricevuto {RBX_NUMBER} punti!,{RBX_NUMBER} ポイントをゲットしました!,Você recebeu {RBX_NUMBER} pontos!,Вы получили {RBX_NUMBER} очк.!
NotificationScript2.onPointsAwarded.single,,,,Du hast {RBX_NUMBER} Punkt erhalten!,You received {RBX_NUMBER} point!,¡Has recibido {RBX_NUMBER} punto!,¡Has recibido {RBX_NUMBER} punto!,Vous avez reçu {RBX_NUMBER} point !,Hai ricevuto {RBX_NUMBER} punto!,{RBX_NUMBER} ポイントをゲットしました!,Você recebeu {RBX_NUMBER} ponto!,Вы получили {RBX_NUMBER} очк.!
NotificationScript2.onPointsRewarded.negative,,,,Du hast {RBX_NUMBER} Punkte verloren!,You lost {RBX_NUMBER} points!,¡Has perdido {RBX_NUMBER} puntos!,¡Has perdido {RBX_NUMBER} puntos!,Vous avez perdu {RBX_NUMBER} points !,Hai perso {RBX_NUMBER} punti!,{RBX_NUMBER} ポイント失いました!,Você perdeu {RBX_NUMBER} pontos!,Вы потеряли {RBX_NUMBER} очк.!
PlayerDropDown.onFollowButtonPress.success,,,,folgst jetzt {RBX_NAME},now following {RBX_NAME},Estás siguiendo a {RBX_NAME},Estás siguiendo a {RBX_NAME},Vous suivez désormais {RBX_NAME}.,stai seguendo {RBX_NAME},{RBX_NAME}人をフォロー中,agora seguindo {RBX_NAME},подписались на {RBX_NAME}
PlayerDropDown.onUnfollowButtonPress.success,,,,Du folgst nicht mehr {RBX_NAME}.,No longer following {RBX_NAME}.,Ya no estás siguiendo a {RBX_NAME}.,Ya no estás siguiendo a {RBX_NAME}.,Vous ne suivez plus {RBX_NAME}.,Non stai seguendo ancora {RBX_NAME}.,あなたはもはや{RBX_NAME}に従っていません。,Você não está mais seguindo {RBX_NAME}.,Вы перестали следовать {RBX_NAME}.
PurchasePromptScript.ERROR_MSG.INVALID_FUNDS,,,,dein Konto nicht über genügend ROBUX verfügt,your account does not have enough ROBUX,tu cuenta no tiene suficientes ROBUX,tu cuenta no tiene suficientes ROBUX,votre compte ne possède pas assez de ROBUX,il tuo account non ha abbastanza ROBUX,アカウントのROBUXが足りません。,sua conta não tem ROBUX suficientes,у вас недостаточно ROBUX
PurchasePromptScript.ERROR_MSG.MAINTENANCE,,,,ROBLOX Wartungsarbeiten durchführt,ROBLOX is performing maintenance,ROBLOX está efectuando tareas de mantenimiento,ROBLOX está efectuando tareas de mantenimiento,ROBLOX est en cours de maintenance,ROBLOX sta effettuando la manutenzione,ROBLOXはメンテナンス中です。,ROBLOX está em manutenção,Проводится техническое обслуживание ROBLOX
PurchasePromptScript.ERROR_MSG.PURCHASE_DISABLED,,,,Käufe im Spiel derzeit deaktiviert sind,In-game purchases are temporarily disabled,las compras dentro de la aplicación están desactivadas temporalmente,las compras dentro de la aplicación están desactivadas temporalmente,Les achats intégrés sont temporairement désactivés,Gli acquisti all'interno del gioco sono temporaneamente disattivati,ゲーム内購入は一時的に無効になっています。,As compras no jogo estão temporariamente desabilitadas,Внутриигровые покупки временно недоступны
PurchasePromptScript.ERROR_MSG.UNKNOWN,,,,ein Problem aufgetreten ist,something went wrong,algo ha ido mal,algo ha ido mal,quelque chose s'est mal passé,qualcosa è andato storto,何かが違う,algo deu errado,возникли проблемы
PurchasePromptScript.PURCHASE_FAILED.CANNOT_GET_BALANCE,,,,Dein Guthaben kann derzeit nicht abgerufen werden. Dein Konto wurde nicht belastet. Bitte versuche es später erneut.,Cannot retrieve your balance at this time. Your account has not been charged. Please try again later.,En este momento no es posible acceder a tu saldo. No se ha llevado a cabo ningún cobro en tu cuenta. Inténtalo de nuevo más tarde.,En este momento no es posible acceder a tu saldo. No se ha llevado a cabo ningún cobro en tu cuenta. Inténtalo de nuevo más tarde.,Impossible d'obtenir votre solde pour l'instant. Votre compte n'a pas été débité. Veuillez réessayer plus tard.,Impossibile recuperare i tuoi fondi in questo momento. Il tuo account non ha subito addebiti. Riprova più tardi.,現在は残額を参照できません。アカウントがチャージされませんでした。しばらくしてからやり直してください。,Impossível obter seu saldo no momento. Nada foi cobrado da sua conta. Tente de novo mais tarde.,Не удалось получить доступ к вашему балансу. Средства с вашей учетной записи не списаны. Повторите попытку позже.
PurchasePromptScript.PURCHASE_FAILED.CANNOT_GET_ITEM_PRICE,,,,Der Preis des Gegenstands kann derzeit nicht abgerufen werden. Dein Konto wurde nicht belastet. Bitte versuche es später erneut.,We couldn't retrieve the price of the item at this time. Your account has not been charged. Please try again later.,En este momento no podemos acceder al precio de este objeto. No se ha llevado a cabo ningún cobro en tu cuenta. Inténtalo de nuevo más tarde.,En este momento no podemos acceder al precio de este objeto. No se ha llevado a cabo ningún cobro en tu cuenta. Inténtalo de nuevo más tarde.,Nous ne pouvons pas récupérer le prix de cet objet pour l'instant. Votre compte n'a pas été débité. Veuillez réessayer plus tard.,Impossibile recuperare il prezzo dell'oggetto in questo momento. Il tuo account non ha subito addebiti. Riprova più tardi.,現在はアイテムの価格が参照できません。アカウントがチャージされませんでした。しばらくしてからやり直してください。,Não conseguimos obter o preço do item no momento. Nada foi cobrado da sua conta. Tente de novo mais tarde.,Не удалось получить данные о цене товара. Средства с вашей учетной записи не списаны. Повторите попытку позже.
PurchasePromptScript.PURCHASE_FAILED.LIMITED,,,,Von diesem limitierten Gegenstand gibt es keine weiteren Exemplare. Such auf www.roblox.com nach einem anderen Verkäufer. Dein Konto wurde nicht belastet.,This limited item has no more copies. Try buying from another user on www.roblox.com. Your account has not been charged.,Este objeto limitado no tiene más copias. Intenta comprárselo a otro usuario en www.roblox.com. No se ha llevado a cabo ningún cobro en tu cuenta.,Este objeto limitado no tiene más copias. Intenta comprárselo a otro usuario en www.roblox.com. No se ha llevado a cabo ningún cobro en tu cuenta.,Il n'y a plus d'exemplaires de cet objet en série limitée. Essayez de l'acheter à un autre utilisateur sur www.roblox.com. Votre compte n'a pas été débité.,Questo oggetto limitato non è più disponibile. Prova ad acquistarlo da un altro utente sul sito www.roblox.com. Il tuo account non ha subito addebiti.,この限定アイテムはもう残っていません。www.roblox.com で他のユーザから購入してみてください。アカウントがチャージされませんでした。,Esgotaram-se as cópias deste item limitado. Tente comprar de outro usuário em www.roblox.com. Nada foi cobrado da sua conta.,Этого ограниченного товара больше нет в продаже. Попробуйте купить его у другого пользователя на сайте www.roblox.com. Средства с вашей учетной записи не списаны.
PurchasePromptScript.PURCHASE_FAILED.NOT_ENOUGH_TIX,,,,"Dieser Gegenstand kostet mehr Tickets, als du derzeit besitzt. Auf www.roblox.com kannst du Währungen tauschen, um mehr Tickets zu erhalten.",This item cost more tickets than you currently have. Try trading currency on www.roblox.com to get more tickets.,Este objeto cuesta más tiques de los que tienes en este momento. Intenta convertir tipos de moneda en www.roblox.com para obtener más tiques.,Este objeto cuesta más tiques de los que tienes en este momento. Intenta convertir tipos de moneda en www.roblox.com para obtener más tiques.,Cet objet coûte plus de tickets que vous n'en avez. Essayez d'échanger des devises sur www.roblox.com pour obtenir plus de tickets.,Questo oggetto costa più ticket di quanti tu ne abbia. Prova a scambiare valuta sul sito www.roblox.com per ottenere più ticket.,このアイテムの入手には現在お持ちのチケットでは足りません。www.roblox.com でお金のトレーディングをしてチケットを手に入れよう。,Este item custa mais bilhetes do que você tem no momento. Experimente trocar moeda do jogo em www.roblox.com para obter mais.,"Цена товара превышает имеющееся у вас количество купонов. Обменяйте валюту на странице www.roblox.com, чтобы получить больше купонов."
PurchasePromptScript.PURCHASE_FAILED.NOT_FOR_SALE,,,,Dieser Gegenstand steht derzeit nicht zum Verkauf. Dein Konto wurde nicht belastet.,This item is not currently for sale. Your account has not been charged.,Este objeto no está a la venta en este momento. No se ha llevado a cabo ningún cobro en tu cuenta.,Este objeto no está a la venta en este momento. No se ha llevado a cabo ningún cobro en tu cuenta.,Cet objet n'est pas en vente pour l'instant. Votre compte n'a pas été débité.,Questo oggetto non è attualmente in vendita. Il tuo account non ha subito addebiti.,このアイテムは現在売られていません。アカウントがチャージされませんでした。,Este item não está disponível para compra no momento. Nada foi cobrado da sua conta.,Этот товар в настоящее время не продается. Средства с вашей учетной записи не списаны.
PurchasePromptScript.PURCHASE_FAILED.PROMPT_PURCHASE_ON_GUEST,,,,"Du musst ein ROBLOX-Konto erstellen, um Gegenstände zu kaufen. Auf www.roblox.com findest du weitere Infos.","You need to create a ROBLOX account to buy items, visit www.roblox.com for more info.",Tienes que crear una cuenta de ROBLOX para comprar objetos. Visita www.roblox.com para obtener más información.,Tienes que crear una cuenta de ROBLOX para comprar objetos. Visita www.roblox.com para obtener más información.,"Vous devez créer un compte ROBLOX pour acheter des objets, rendez-vous sur www.roblox.com pour plus d'informations.","Per poter comprare oggetti, devi creare un account ROBLOX. Visita il sito www.roblox.com per maggiori informazioni.",アイテムを購入するにはROBLOX アカウントを作る必要があります。詳しくは www.roblox.com で。,Você precisa criar uma conta ROBLOX para comprar itens. Visite www.roblox.com para mais informações.,"Создайте учетную запись ROBLOX, чтобы покупать предметы. Посетите сайт www.roblox.com."
PurchasePromptScript.PURCHASE_FAILED.THIRD_PARTY_DISABLED,,,,Gegenstände von Drittanbietern können an diesem Ort nicht verkauft werden. Dein Konto wurde nicht belastet.,Third-party item sales have been disabled for this place. Your account has not been charged.,Las ventas de objetos de terceros están desactivadas para este lugar. No se ha llevado a cabo ningún cobro en tu cuenta.,Las ventas de objetos de terceros están desactivadas para este lugar. No se ha llevado a cabo ningún cobro en tu cuenta.,Les ventes d'objets par des tiers ont été désactivées pour cet emplacement. Votre compte n'a pas été débité.,Le vendite di oggetti di terzi sono state disattivate per questa località. Il tuo account non ha subito addebiti.,サードパーティ製のアイテムの販売はここでは禁止されています。アカウントがチャージされませんでした。,Vendas de itens de terceiros foram desabilitadas para este local. Nada foi cobrado da sua conta.,Продажа сторонних товаров в этом месте запрещена. Средства с вашей учетной записи не списаны.
PurchasePromptScript.PURCHASE_FAILED.UNDER_13,,,,Dein Konto ist für Spieler unter 13 Jahren. Der Kauf dieses Gegenstands ist nicht gestattet. Dein Konto wurde nicht belastet.,Your account is under 13. Purchase of this item is not allowed. Your account has not been charged.,Tu cuenta es para menores de 13 años. La compra de este objeto no está permitida. No se ha llevado a cabo ningún cobro en tu cuenta.,Tu cuenta es para menores de 13 años. La compra de este objeto no está permitida. No se ha llevado a cabo ningún cobro en tu cuenta.,Votre compte est Moins de 13 ans. L'achat de cet objet n'est pas permis. Votre compte n'a pas été débité.,Il tuo account è per giocatori con meno di 13 anni. L'acquisto di questo oggetto non è permesso. Il tuo account non ha subito addebiti.,あなたのアカウントは13才以下です。このアイテムの購入は認められていません。アカウントがチャージされませんでした。,Sua conta é para menor de 13 anos. A compra deste item não é permitida. Nada foi cobrado da sua conta.,Возраст владельца учетной записи не превышает 13 лет. Вы не можете купить этот товар. Средства с вашей учетной записи не списаны.
PurchasePromptScript.PURCHASE_MSG.BALANCE_FUTURE,,,,Nach dieser Transaktion wird dein Guthaben {RBX_NUMBER} betragen.,Your balance after this transaction will be {RBX_NUMBER}.,Tu saldo después de esta transacción será de {RBX_NUMBER}.,Tu saldo después de esta transacción será de {RBX_NUMBER}.,Votre solde après cette transaction sera de {RBX_NUMBER}.,"Dopo la transazione, i tuoi fondi saranno {RBX_NUMBER}.",取引後の残高は{RBX_NUMBER}になります。,Seu saldo depois desta transação será de {RBX_NUMBER}.,После этой операции ваш баланс составит {RBX_NUMBER}
PurchasePromptScript.PURCHASE_MSG.BALANCE_NOW,,,,Dein Guthaben beträgt nun {RBX_NUMBER}.,Your balance is now {RBX_NUMBER}.,Tu saldo es ahora de {RBX_NUMBER}.,Tu saldo es ahora de {RBX_NUMBER}.,Votre solde est désormais de {RBX_NUMBER}.,Ora i tuoi fondi sono {RBX_NUMBER}.,残高は現在{RBX_NUMBER}です。,Seu saldo agora é {RBX_NUMBER}.,Сейчас ваш баланс составляет {RBX_NUMBER}.
PurchasePromptScript.PURCHASE_MSG.FAILED,,,,"Du konntest „{RBX_NAME1}“ nicht kaufen, da {RBX_NAME2}. Dein Konto wurde nicht belastet. Bitte versuche es später erneut.",Your purchase of {RBX_NAME1} failed because {RBX_NAME2}. Your account has not been charged. Please try again later.,Tu compra de {RBX_NAME1} no ha funcionado porque {RBX_NAME2}. No se ha realizado ningún cobro. Inténtalo de nuevo más tarde.,Tu compra de {RBX_NAME1} no ha funcionado porque {RBX_NAME2}. No se ha realizado ningún cobro. Inténtalo de nuevo más tarde.,Votre achat de {RBX_NAME1} a échoué à cause de {RBX_NAME2}. Votre compte n'a pas été débité. Veuillez réessayer plus tard.,Il tuo acquisto di {RBX_NAME1} non è riuscito perché: {RBX_NAME2}. Il tuo account non ha subito addebiti. Riprova più tardi.,{RBX_NAME1}のため、{RBX_NAME2} の購入に失敗しました。アカウントがチャージされませんでした。しばらくしてからやり直してください。,Sua compra de {RBX_NAME1} fracassou. Motivo: {RBX_NAME2}. Nada foi cobrado da sua conta. Tente de novo mais tarde.,Не удалось купить товар {RBX_NAME1}: {RBX_NAME2}. Средства с вашей учетной записи не списаны. Повторите попытку позже.
PurchasePromptScript.PURCHASE_MSG.FREE,,,,Möchtest du „{RBX_NAME2}“ gerne GRATIS nehmen?,Would you like to take {RBX_NAME2} for FREE?,¿Quieres obtener {RBX_NAME2} GRATIS?,¿Quieres obtener {RBX_NAME2} GRATIS?,Souhaitez-vous prendre l'objet {RBX_NAME2} GRATUITEMENT ?,Vuoi prendere l'oggetto {RBX_NAME2} GRATIS?,アイテム名{RBX_NAME2} を無料で入手したいですか？,Gostaria de obter {RBX_NAME2} GRÁTIS?,Хотите получить товар {RBX_NAME2} БЕСПЛАТНО?
PurchasePromptScript.PURCHASE_MSG.PURCHASE,,,,Möchtest du {RBX_NAME1}  {RBX_NAME2} kaufen für:,Want to buy the {RBX_NAME1} {RBX_NAME2} for,¿Quieres comprar {RBX_NAME1} {RBX_NAME2} por,¿Quieres comprar {RBX_NAME1} {RBX_NAME2} por,Vous voulez acheter le {RBX_NAME1} {RBX_NAME2} pour,Vuoi comprare {RBX_NAME1} {RBX_NAME2} per,のために{RBX_NAME1} {RBX_NAME2} を購入希望,Deseja comprar {RBX_NAME1} {RBX_NAME2} por,Купить {RBX_NAME1} {RBX_NAME2} за
PurchasePromptScript.PURCHASE_MSG.SUCCEEDED,,,,Du hast „{RBX_NAME1}“ gekauft!,Your purchase of {RBX_NAME1} succeeded!,¡Tu compra de {RBX_NAME1} ha funcionado!,¡Tu compra de {RBX_NAME1} ha funcionado!,Votre achat de {RBX_NAME1} a réussi !,Il tuo acquisto di {RBX_NAME1} è andato a buon fine!,{RBX_NAME1} の購入に成功しました!,Sua compra de {RBX_NAME1} foi bem-sucedida!,Вы купили товар {RBX_NAME1}!
PurchasePromptScript.setBuyMoreRobuxDialog.PostBalanceText,,,,Die verbleibenden {RBX_NUMBER} ROBUX werden deinem Guthaben gutgeschrieben.,The remaining {RBX_NUMBER} ROBUX will be credited to your balance.,Los {RBX_NUMBER} ROBUX restantes se cargarán a tu saldo.,Los {RBX_NUMBER} ROBUX restantes se cargarán a tu saldo.,Les {RBX_NUMBER} ROBUX restants seront portés à votre solde.,I rimanenti {RBX_NUMBER} ROBUX verranno accreditati ai tuoi fondi.,残りの {RBX_NUMBER} ROBUX があなたの口座に返金されます。,Os {RBX_NUMBER} ROBUX restantes serão somados ao seu saldo.,Оставшиеся {RBX_NUMBER} ROBUX будут перечислены на ваш баланс.
PurchasePromptScript.setBuyMoreRobuxDialog.descriptionText,,,,"Du brauchst noch {RBX_NUMBER} ROBUX, um {RBX_NAME1} {RBX_NAME2} zu kaufen. Möchtest du mehr ROBUX kaufen?",You need {RBX_NUMBER} more ROBUX to buy the {RBX_NAME1} {RBX_NAME2}. Would you like to buy more ROBUX?,Necesitas {RBX_NUMBER} ROBUX más para comprar {RBX_NAME1} {RBX_NAME2}. ¿Quieres comprar más ROBUX?,Necesitas {RBX_NUMBER} ROBUX más para comprar {RBX_NAME1} {RBX_NAME2}. ¿Quieres comprar más ROBUX?,Vous avez besoin de {RBX_NUMBER} ROBUX de plus pour acheter le {RBX_NAME1} {RBX_NAME2}. Souhaitez-vous acheter plus de ROBUX ?,Hai bisogno di {RBX_NUMBER} ROBUX in più per comprare: {RBX_NAME1} {RBX_NAME2}. Vuoi acquistare altri ROBUX?,{RBX_NAME1} {RBX_NAME2}.を買うにはあと{RBX_NUMBER}のROBUXが必要です。もっとROBUXを買いますか？,Você precisa de mais {RBX_NUMBER} ROBUX para comprar o(a) {RBX_NAME2} {RBX_NAME1}. Gostaria de comprar mais ROBUX?,Для покупки товара {RBX_NAME1} {RBX_NAME2} требуется еще {RBX_NUMBER} ROBUX. Приобрести больше ROBUX?
PurchasePromptScript.setPurchaseDataInGui.invalidBC,,,,"Dieser Gegenstand erfordert {RBX_NAME1}. Klicke auf „Aufwerten“, um deinen Builders-Club-Status zu verbessern!",This item requires {RBX_NAME1}. Click 'Upgrade' to upgrade your Builders Club!,"Este objeto requiere {RBX_NAME1}. Dale a ""Mejorar"" para mejorar el Builders Club.","Este objeto requiere {RBX_NAME1}. Dale a ""Mejorar"" para mejorar el Builders Club.",Cet objet nécessite {RBX_NAME1}. Cliquez sur « Améliorer » pour améliorer votre Builders Club !,"Questo oggetto richiede: {RBX_NAME1}. Clicca su ""Migliora"" per potenziare il tuo Builders Club!",このアイテムには{RBX_NAME1}が必要です。「アップグレード」をクリックしてビルダーズクラブをアップグレード！,Este item requer {RBX_NAME1}. Clique em 'Melhorar' para melhorar seu Builders Club!,"Для этого предмета требуется: {RBX_NAME1}. Нажмите кнопку «Улучшение», чтобы улучшить клуб создателей!"
Received,,,,Empfangen,Received,Recibido,Recibido,Reçu(e),Ricevuti,受信済み,Recebido,Принято
Sent,,,,Gesendet,Sent,Enviado,Enviado,Envoyé(e),Inviati,送付済み,Enviado,Отправлено
StatsUtil.KBps,,,,{RBX_NUMBER} KB/s,{RBX_NUMBER} KB/s,{RBX_NUMBER} KB/s,{RBX_NUMBER} KB/s,{RBX_NUMBER} Ko/s,{RBX_NUMBER} KB/s,{RBX_NUMBER} KB/s,{RBX_NUMBER} kB/s,{RBX_NUMBER} КБ/с
StatsUtil.MB,,,,{RBX_NUMBER} MB,{RBX_NUMBER} MB,{RBX_NUMBER} MB,{RBX_NUMBER} MB,{RBX_NUMBER} Mo,{RBX_NUMBER} MB,{RBX_NUMBER} MB,{RBX_NUMBER} MB,{RBX_NUMBER} МБ
StatsUtil.ms,,,,{RBX_NUMBER} ms,{RBX_NUMBER} ms,{RBX_NUMBER} ms,{RBX_NUMBER} ms,{RBX_NUMBER} ms,{RBX_NUMBER} ms,{RBX_NUMBER} ms,{RBX_NUMBER} ms,{RBX_NUMBER} мс
Target,,,,Ziel,Target,Objetivo,Objetivo,Cible,Scopo,目標,Alvo,Цель
EnableVoiceKey,,,,Sprachchat aktivieren,Enable Voice Chat,Activar chat de voz,Activar chat de voz,Activer le chat vocal,Attiva chat vocale,ボイスチャットを有効にする,Ativar conversa por chat,Включить голосовой чат
DisableVoiceKey,,,,Sprachchat deaktivieren,Disable Voice Chat,Desactivar chat de voz,Desactivar chat de voz,Désactiver le chat vocal,Disattiva chat vocale,ボイスチャットを無効にする,Desativar conversa por chat,Отключить голосовой чат
,,,Account: Under 13 yrs,Konto: Unter 13 J.,,Cuenta: Menor de 13 años,Cuenta: Menor de 13 años,Compte : Moins de 13 ans,Account: meno di 13 anni,アカウント:13才以下,Conta: Menor de 13 anos,Учетная запись: Не старше 13 лет
,,,Right Mouse Button,Rechte Maustaste,,Botón derecho del ratón,Botón derecho del ratón,Bouton droit de la souris,Destro/Mouse,右マウスボタン,Mouse (direito),ПКМ
,,,Roblox Menu,Roblox-Menü,,Menú de Roblox,Menú de Roblox,Menu Roblox,Menu Roblox,Roblox メニュー,Menu Roblox,Меню Roblox
,,,Rotate,Drehen,,Rotar,Rotar,Tourner,Ruota,回転,Girar,Вращение
,,,S/Down Arrow,S/Pfeil runter,,S/Cursor abajo,S/Cursor abajo,S/Flèche bas,S/Freccia GIÙ,S/下カーソル,S/seta para baixo,S/стрелка вниз
,,,Save To Disk,Auf Festplatte speichern,,Guardar en disco,Guardar en disco,Sauvegarder sur le disque,Salva su disco,ディスクに保存,Salvar em disco,Сохранить на диск
,,,Scamming,Betrug,,Estafa,Estafa,Arnaque,Truffa,詐欺,Fraude,Мошенничество
,,,Screenshot,Screenshot,,Captura de pantalla,Captura de pantalla,Capture d'écran,Screenshot,スクリーンショット,Captura de tela,Снимок экрана
,,,Sent,Gesendet,,Enviado,Enviado,Envoyé,Inviato,送付済み,Enviado,Отправленные
,,,Set by Developer,Vom Entwickler festgelegt,,Configurado por el desarrollador,Configurado por el desarrollador,Défini par développeur,Impostato da sviluppatore,開発者による設定,Definido por desenvolvedor,Установлено разработчиком
,,,Settings,Einstellungen,,Configuración,Configuración,Paramètres,Impostazioni,設定,Configurações,Настройки
,,,Are you sure you want to leave the game?,Möchtest du das Spiel wirklich verlassen?,,¿Seguro que deseas salir del juego?,¿Seguro que deseas salir del juego?,Voulez-vous vraiment quitter le jeu ?,Vuoi davvero uscire dal gioco?,ゲームをやめますか？,Quer mesmo sair do jogo?,Выйти из игры?
,,,Shift,Umschalttaste,,Mayúsculas,Mayúsculas,Maj,MAIUSC,シフト,Shift,Shift
,,,Shift Lock Switch,Umschalt-Wechsel,,Bloqueo de mayúsculas,Bloqueo de mayúsculas,Touche Verr. Vue,BLOC MAIUSC,シフトロックスイッチ,Trava do shift,Переключение клавишей Shift
,,,Space,Leertaste,,Espacio,Espacio,Espace,BARRA SPAZIATRICE,スペース,Espaço,Пробел
,,,Speed,Tempo,,Velocidad,Velocidad,Vitesse,Velocità,速さ,Velocidade,Скорость
,,,Submit,Senden,,Enviar,Enviar,Soumettre,Invia,送信,Enviar,Отправить
,,,Swearing,Fluchen,,Palabras malsonantes,Palabras malsonantes,Jurons,Turpiloquio,ののしり,Palavrões,Ненормативная лексика
,,,TAB,Tabulator,,TAB,TAB,TAB,TAB,TAB,TAB,TAB
,,,Take Free,Gratis nehmen,,Obtener gratis,Obtener gratis,Prendre gratuitement,Prendi gratis,無料配布,Obter grátis,Получить бесплатно
,,,Take Screenshot,Screenshot machen,,Hacer captura de pantalla,Hacer captura de pantalla,Prendre capture d'écran,Cattura screenshot,スクリーンショットを撮る,Captura de tela,Сделать снимок экрана
,,,This is a popup,Dies ist ein Pop-up.,,Esta es una ventana emergente.,Esta es una ventana emergente.,Ceci est une fenêtre popup,Questo è un popup,これはポップアップです,Este é um popup,Всплывающее сообщение
,,,Are you sure you want to reset your character?,Möchtest du deinen Charakter wirklich zurücksetzen?,,¿Seguro que deseas reiniciar tu personaje?,¿Seguro que deseas reiniciar tu personaje?,Voulez-vous vraiment réinitialiser le personnage ?,Vuoi davvero azzerare il tuo personaggio?,キャラクターをリセットしてよろしいですか？,Quer mesmo reiniciar o personagem?,Сбросить персонажа?
,,,Type Of Abuse,Art des Verstoßes,,Tipo de abuso,Tipo de abuso,Type d'abus,Tipo di abuso,不正の種類,Tipo de abuso,Тип нарушения
,,,Unequip Tools,Werkzeuge deaktivieren,,Desequipar herramientas,Desequipar herramientas,Outils non équipés,Rimuovi strum.,ツールを外す,Desequipar,Убрать инструм.
,,,Upgrade,Aufwerten,,Mejorar,Mejorar,Améliorer,Migliora,アップグレード,Melhorar,Улучшение
,,,Upload to YouTube,Auf YouTube hochladen,,Cargar a YouTube,Cargar a YouTube,Télécharger sur YouTube,Carica su YouTube,YouTubeにアップロード,Upload para o YouTube,Загрузить на YouTube
,,,Use Tool,Werkzeug verwenden,,Utilizar herramienta,Utilizar herramienta,Utiliser outil,Usa strumento,ツールを使用,Usar,Использовать инструмент
,,,Video,Video,,Vídeo,Vídeo,Vidéo,Video,ビデオ,Vídeo,Видео
,,,Video Settings,Video-Einstellungen,,Configuración de vídeo,Configuración de vídeo,Paramètres vidéo,Impostazioni video,ビデオ設定,Configurações de vídeo,Настройки видео
,,,Volume,Lautstärke,,Volumen,Volumen,Volume,Volume,ボリューム,Volume,Громкость
,,,W/Up Arrow,W/Pfeil hoch,,W/Cursor arriba,W/Cursor arriba,W/Flèche haut,W/Freccia SU,W/上カーソル,W/seta para cima,W/стрелка вверх
,,,Which Player?,Welcher Spieler?,,¿A qué jugador?,¿A qué jugador?,Quel joueur ?,Quale giocatore?,どのプレーヤーですか？,Qual jogador?,Какой игрок?
,,,Automatic,Automatisch,,Automático,Automático,Automatique,Automatico,自動,Automático,Автоматически
,,,Wipeouts,Auslöschungen,,Destrucciones,Destrucciones,Éliminations,Annientamenti,死亡回数,Aniquilações,Уничтожения
,,,Zoom In,Vergrößern,,Acercar,Acercar,Zoom avant,Ingrandisci,ズームイン,Aproximar zoom,Приблизить
,,,Zoom In/Out,Größe,,Acercar/alejar,Acercar/alejar,Zoom avant/arrière,Aumenta/Riduci,ズームイン/ズームアウト,Aprox./afastar,Приблизить/отдалить
,,,Zoom Out,Verkleinern,,Alejar,Alejar,Zoom arrière,Riduci,ズームアウト,Afastar zoom,Отдалить
,,,update me,aktualisiere mich,,actualízame,actualízame,tenez-moi au courant,aggiornami,自分をアップデート,atualize-me,обновите меня
,,,Add Friend,Freund hinzufügen,,Añadir amigo,Añadir amigo,Ajouter ami,Aggiungi amico,友達を追加,Adicionar amigo,Добавить друга
,,,"Server found, loading...",Server gefunden. Laden ...,,Servidor encontrado. Cargando...,Servidor encontrado. Cargando...,"Serveur trouvé, en cours de chargement...","Server trovato, caricamento...",サーバが見つかりました、ロード中です...,"Servidor encontrado, carregando...",Сервер найден. Загрузка...
,,,Badge Awarded,Abzeichen verliehen,,Emblema concedido,Emblema concedido,Badge accordé,Contrassegno conferito,授与されたバッジ,Emblema concedido,Получен значок
,,,Block Player,Spieler sperren,,Bloquear jugador,Bloquear jugador,Bloquer joueur,Blocca giocatore,プレーヤーをブロック,Bloquear jogador,Заблокировать игрока
,,,Follow Player,Spieler folgen,,Seguir a jugador,Seguir a jugador,Suivre joueur,Segui giocatore,プレーヤーをフォロー,Seguir jogador,Подписаться на игрока
,,,Backpack,Rucksack,,Mochila,Mochila,Sac-à-dos,Zaino,バックパック,Mochila,Рюкзак
,,,Friend,Freund,,Amigo,Amigo,Ami,Amico,友達,Amigo,Друг
,,,New Friend,Neuer Freund,,Amigo nuevo,Amigo nuevo,Nouvel ami,Nuovo amico,新しい友達,Novo amigo,Новый друг
,,,New Friend {RBX_NAME},Neuer Freund {RBX_NAME},,Amigo nuevo {RBX_NAME},Amigo nuevo {RBX_NAME},Nouvel ami {RBX_NAME},Nuovo amico {RBX_NAME},新しい友達 {RBX_NAME},Novo amigo  {RBX_NAME},Новый друг {RBX_NAME}
,,,Point Awarded,Punkt verliehen,,Punto concedido,Punto concedido,Point accordé,Punto attribuito,ポイント授与,Ponto concedido,Получено очко
,,,Points Awarded,Punkte verliehen,,Puntos concedidos,Puntos concedidos,Points accordés,Punti attribuiti,ポイント授与,Pontos concedidos,Получены очки
,,,Points Awarded You received {RBX_NUMBER} points!,Punkte verliehen Du hast {RBX_NUMBER} Punkte erhalten!,,Puntos concedidos ¡Has recibido {RBX_NUMBER} puntos!,Puntos concedidos ¡Has recibido {RBX_NUMBER} puntos!,Points accordés Vous avez reçu {RBX_NUMBER} points !,Punti attribuiti Hai ricevuto {RBX_NUMBER} punti!,ポイント授与 ポイントを {RBX_NUMBER}ゲットしました !,Pontos concedidos Você recebeu {RBX_NUMBER} pontos!,Получены очки Вы получили {RBX_NUMBER} очк.!
,,,"{RBX_NAME} won {RBX_NAME}'s ""{RBX_NAME}"" award!",{RBX_NAME} wurde von {RBX_NAME} die Auszeichnung „{RBX_NAME}“ verliehen!,,"¡{RBX_NAME} ha ganado el galardón ""{RBX_NAME}"" de {RBX_NAME}!","¡{RBX_NAME} ha ganado el galardón ""{RBX_NAME}"" de {RBX_NAME}!",{RBX_NAME} a gagné la récompense « {RBX_NAME} » de {RBX_NAME} !,"{RBX_NAME} ha vinto il premio ""{RBX_NAME}"" di {RBX_NAME}!","{RBX_NAME} {RBX_NAME}'の ""{RBX_NAME}"" を受賞!","{RBX_NAME} ganhou o prêmio ""{RBX_NAME}“ de {RBX_NAME}!",{RBX_NAME} получает награду {RBX_NAME} «{RBX_NAME}»!
,,,Report Abuse,Verstoß melden,,Denunciar abuso,Denunciar abuso,Signaler injure,Segnala abuso,不正を報告,Denunciar abuso,Сообщить о нарушении
,,,Request Sent,Anfrage gesendet,,Solicitud enviada,Solicitud enviada,Demande envoyée,Richiesta inviata,送信リクエスト,Pedido enviado,Запрос отправлен
,,,Send Friend Request,Freundesanfrage gesendet,,Enviar solicitud de amistad,Enviar solicitud de amistad,Envoyer demande d'ami,Invia richiesta di amicizia,友達リクエストを送信,Enviar pedido de amizade,Отправить запрос дружбы
,,,Backspace,Rücktaste,,Retroceso,Retroceso,Retour,BACKSPACE,バックスペース,Backspace,Backspace
,,,Sent you a friend request!,hat dir eine Freundesanfrage gesendet!,,te ha enviado una solicitud de amistad!,te ha enviado una solicitud de amistad!,vous a envoyé une demande d'ami !,ti ha inviato una richiesta di amicizia!,君に友達リクエストを送ったよ！,enviou um pedido de amizade para você!,отправил вам запрос дружбы!
,,,Unblock Player,Spieler nicht mehr sperren,,Desbloquear jugador,Desbloquear jugador,Débloquer joueur,Sblocca giocatore,プレーヤーのブロックを解除,Desbloq. jogador,Разблокировать игрока
,,,Unfollow Player,Spieler nicht mehr folgen,,Dejar de seguir a jugador,Dejar de seguir a jugador,Ne plus suivre joueur,Non seguire giocatore,プレーヤーをフォローしない,Parar de seguir jogador,Отписаться от игрока
,,,Unfriend Player,Spieler als Freund entfernen,,Cancelar amistad con jugador,Cancelar amistad con jugador,Ne plus être ami du joueur,Togli amicizia a giocatore,プレーヤーを友達解除,Cancelar amizade,Удалить из друзей
,,,You are,Du,,Estás,Estás,Vous,Sei,あなたは,Você está,Вы
,,,Your balance after this transaction will be R${RBX_NUMBER},Nach dieser Transaktion wird dein Guthaben {RBX_NUMBER} R$ betragen.,,Tu saldo después de esta transacción será de {RBX_NUMBER} R$.,Tu saldo después de esta transacción será de {RBX_NUMBER} R$.,Votre solde après cette transaction sera de {RBX_NUMBER} R$,"Dopo la transazione, avrai R${RBX_NUMBER}",この取引の後の残高は R${RBX_NUMBER}です,Seu saldo depois desta transação será de R$ {RBX_NUMBER},После этой операции ваш баланс составит R${RBX_NUMBER}
,,,Bullying,Mobbing,,Abusos,Abusos,Harcèlement,Bullismo,いじめ,Bullying,Агрессивное поведение
,,,Abuse Description,Beschreibung des Verstoßes,,Descripción del abuso,Descripción del abuso,Description de l'injure,Descrizione abuso,不正の詳細,Descrição do abuso,Описание нарушения
,,,Buy,Kaufen,,Comprar,Comprar,Acheter,Compra,購入,Comprar,Купить
,,,Button,Schaltfläche,,Botón,Botón,Bouton,Pulsante,ボタン,Botão,Кнопка
,,,DPad,Steuerkreuz,,Cruceta,Cruceta,Croix directionnelle,Croce direzionale,DPad,Direcional,Крестовина
,,,Default (Follow),Standard (Folgen),,Predeterminado (seguir),Predeterminado (seguir),Par défaut (Suivre),Predefinita (Segui),デフォルト (フォロー),Padrão (seguir),По умолчанию (слежение)
,,,Default (Thumbstick),Standard (Stick),,Predeterminado (stick),Predeterminado (stick),Par défaut (Joystick),Predefinita (Levetta),デフォルト (サムスティック),Padrão (thumbstick),По умолчанию (аналоговый стик)
,,,Equip/Unequip Tools,Werkzeuge aktivieren/deaktivieren,,Equipar/desequipar herramientas,Equipar/desequipar herramientas,Prendre/Lâcher outils,Equipaggia/Rimuovi,ツールを装備/外す,Trocar ferramentas,Назначить/убрать инструменты
,,,Move,Bewegen,,Movimiento,Movimiento,Se déplacer,Muovi,移動,Mover,Передвижение
,,,Reset Character,Charakter zurücksetzen,,Reiniciar personaje,Reiniciar personaje,Réinitialiser le personnage,Azzera personaggio,キャラクターをリセット,Reiniciar,Сброс персонажа
,,,Rotate Camera,Kamera drehen,,Rotar cámara,Rotar cámara,Rotation de caméra,Ruota visuale,カメラを回転,Girar câmera,Вращение камеры
,,,Tap to Move,Zum Bewegen tippen,,Tocar para mover,Tocar para mover,Toucher pour se déplacer,Tocca per muovere,タップして移動,Toque para mover,Коснитесь для передвижения
,,,Thumbpad,Thumbpad,,Cruceta,Cruceta,Pavé directionnel,Croce direzionale,サムパッド,Thumbpad,Кнопочная панель
,,,Thumbstick,Stick,,Stick,Stick,Joystick,Levetta,サムスティック,Thumbstick,Аналоговый стик
,,,Buy Now,Jetzt kaufen,,Comprar ahora,Comprar ahora,Acheter maintenant,Compra ora,すぐ買う,Comprar agora,Купить
,,,These are the basic chat commands.,Das sind die grundlegenden Chatbefehle.,,Estos son los comandos básicos del chat.,Estos son los comandos básicos del chat.,Voici les commandes de chat basiques.,Questi sono i comandi base della chat.,これらは基本的なチャットコマンドです。,Esses são os comandos de chat básicos.,Это основные команды чата.
,,,/join <channel> or /j <channel> : join channel.,/join <Kanal> oder /j <Kanal> : Kanal beitreten,,/join <canal> o /j <canal>: unirse al canal.,/join <canal> o /j <canal>: unirse al canal.,/join <canal> ou /r <canal> : rejoindre le canal.,/join <canale> o /j <canale>: accedi al canale.,/join <channel> または /j <channel> : で、チャンネルに参加。,/join <canal> ou /j <canal> : juntar-se a um canal.,/join <канал> или /j <канал> : подключиться к каналу.
,,,/leave <channel> or /l <channel> : leave channel. (leaves current if none specified),/leave <Kanal> oder /l <Kanal> : Kanal verlassen. (Ohne Angabe des Kanals wird der aktuelle Kanal verlassen.),,/leave <canal> o /l <canal>: salir del canal (sale del canal actual si no se especifica ninguno).,/leave <canal> o /l <canal>: salir del canal (sale del canal actual si no se especifica ninguno).,/leave <canal> ou /l <canal> : quitter canal. (reste sur le même si aucun n'est spécifié),/leave <canale> o /l <canale>: lascia il canale (quello attuale se non specificato).,/leave <channel> または /l <channel> : でチャンネルから退出。 (指定しなければ現在のチャネルから退出します),/leave <canal> ou /l <canal> : sair do canal. (sai do atual se não especificado),"/leave <канал> или /l <канал> : покинуть канал. (Вы покинете текущий канал, если не укажете другой.)"
,,,Buy R$,R$ kaufen,,Comprar R$,Comprar R$,Acheter des R$,Compra R$,R$ を買う,Comprar R$,Купить R$
,,,You must wait {RBX_NUMBER} second before sending another message!,"Du musst {RBX_NUMBER} Sekunde lang warten, bevor du eine weitere Nachricht senden kannst!",,¡Debes esperar {RBX_NUMBER} segundo antes de enviar otro mensaje!,¡Debes esperar {RBX_NUMBER} segundo antes de enviar otro mensaje!,Vous devez attendre {RBX_NUMBER} seconde avant d'envoyer un autre message !,Devi aspettare {RBX_NUMBER} secondo prima di inviare un altro messaggio!,{RBX_NUMBER} 秒待ってから次のメッセージを送ってください!,Você precisa esperar {RBX_NUMBER} segundo antes de enviar outra mensagem!,Вы сможете отправить новое сообщение только через {RBX_NUMBER} сек.!
,,,Reset Character,Charakter zurücksetzen,,Reiniciar personaje,Reiniciar personaje,Réinitialiser le personnage,Azzera personaggio,キャラクターをリセット,Reiniciar,Сброс персонажа
,,,"By clicking the 'Record Video' button, the menu will close and start recording your screen.","Wenn du auf die Schaltfläche „Video aufzeichnen“ klickst, schließt sich das Menü und dein Bildschirm wird aufgezeichnet.",,"Al hacer clic en el botón ""Grabar vídeo"", el menú se cerrará y se empezará a grabar tu pantalla.","Al hacer clic en el botón ""Grabar vídeo"", el menú se cerrará y se empezará a grabar tu pantalla.","En cliquant sur le bouton Enregistrer vidéo, le menu se fermera et l'enregistrement de votre écran débutera.","Clicca sul pulsante ""Registra video"" per chiudere il menu e iniziare a registrare quanto avviene sullo schermo.",「ビデオの録画」ボタンをクリックするとメニューが閉じて画面の録画が始まります。,"Ao clicar no botão ‘Gravar vídeo’, o menu será fechado e a tela começará a ser gravada.",После нажатия на кнопку «Запись видео» это меню закроется и начнется запись видео с экрана.
,,,To {RBX_NAME},An {RBX_NAME},,Para {RBX_NAME},Para {RBX_NAME},À {RBX_NAME},A {RBX_NAME},To {RBX_NAME},Para {RBX_NAME},Получатель: {RBX_NAME}
,,,From {RBX_NAME},Von {RBX_NAME},,De {RBX_NAME},De {RBX_NAME},De {RBX_NAME},Da {RBX_NAME},From {RBX_NAME},De {RBX_NAME},Отправитель: {RBX_NAME}
,,,You were kicked from '{RBX_NAME}' for the following reason(s): {RBX_NAME},Du wurdest aus folgenden Gründen aus „{RBX_NAME}“ entfernt: {RBX_NAME},,"Se te ha expulsado de ""{RBX_NAME}"" por el/los motivo/s siguiente/s: {RBX_NAME}","Se te ha expulsado de ""{RBX_NAME}"" por el/los motivo/s siguiente/s: {RBX_NAME}",Vous avez expulsé de {RBX_NAME} pour la/les raison(s) suivante(s) : {RBX_NAME},"Sei stato rimosso da ""{RBX_NAME}"" per le seguenti motivazioni: {RBX_NAME}",あなたは '{RBX_NAME}' から次の理由により外されました: {RBX_NAME},Você foi expulso(a) de '{RBX_NAME}‘. Motivo(s): {RBX_NAME},Вы исключены из «{RBX_NAME}» по следующим причинам: {RBX_NAME}
,,,{RBX_NAME} was kicked for the following reason(s): {RBX_NAME},{RBX_NAME} wurde aus folgenden Gründen entfernt: {RBX_NAME},,Se ha expulsado a {RBX_NAME} por el/los motivo/s siguiente/s: {RBX_NAME},Se ha expulsado a {RBX_NAME} por el/los motivo/s siguiente/s: {RBX_NAME},{RBX_NAME} a été expulsé pour la/les raison(s) suivante(s) : {RBX_NAME},{RBX_NAME} è stato rimosso per le seguenti motivazioni: {RBX_NAME},{RBX_NAME} は次の理由により外されました: {RBX_NAME},{RBX_NAME} foi expulso(a). Motivo(s): {RBX_NAME},Пользователь {RBX_NAME} исключен по следующим причинам: {RBX_NAME}
,,,You were kicked from '{RBX_NAME}',Du wurdest aus „{RBX_NAME}“ entfernt.,,"Se te ha expulsado de ""{RBX_NAME}"".","Se te ha expulsado de ""{RBX_NAME}"".",Vous avez été expulsé de {RBX_NAME},"Sei stato rimosso da ""{RBX_NAME}""",あなたは '{RBX_NAME}' から外されました。,Você foi expulso(a) de '{RBX_NAME}',Вы исключены из «{RBX_NAME}».
,,,"By clicking the 'Take Screenshot' button, the menu will close and take a screenshot and save it to your computer.","Wenn du auf die Schaltfläche „Screenshot machen“ klickst, schließt sich das Menü und ein Screenshot wird auf deinem Computer gespeichert.",,"Al hacer clic en el botón ""Hacer captura de pantalla"", el menú se cerrará y se hará una captura de pantalla que se guardará en tu ordenador.","Al hacer clic en el botón ""Hacer captura de pantalla"", el menú se cerrará y se hará una captura de pantalla que se guardará en tu ordenador.","En cliquant sur le bouton Capture d'écran, le menu se fermera et une capture d'écran sera sauvegardée dans votre ordinateur.","Clicca sul pulsante ""Cattura screenshot"" per chiudere il menu, catturare uno screenshot e salvarlo sul computer.",「スクリーンショットを撮る」ボタンをクリックするとメニューが閉じてスクリーンショットがコンピュータに保存されます。,"Ao clicar no botão ‘Captura de tela’, o menu será fechado e a tela será capturada e salva no seu computador.",После нажатия на кнопку «Сделать снимок экрана» это меню закроется и снимок сохранится на вашем компьютере.
,,,{RBX_NAME} was kicked,{RBX_NAME} wurde entfernt,,Se ha expulsado a {RBX_NAME}.,Se ha expulsado a {RBX_NAME}.,{RBX_NAME} a été expulsé,{RBX_NAME} è stato rimosso,{RBX_NAME} は外されました。,{RBX_NAME} foi expulso(a),Пользователь {RBX_NAME} исключен
,,,{RBX_NAME} was muted for the following reason(s): {RBX_NAME},{RBX_NAME} wurde aus folgenden Gründen stummgeschaltet: {RBX_NAME},,Se ha silenciado a {RBX_NAME} por el/los motivo/s siguiente/s: {RBX_NAME},Se ha silenciado a {RBX_NAME} por el/los motivo/s siguiente/s: {RBX_NAME},{RBX_NAME} a été bâillonné pour la/les raison(s) suivante(s) : {RBX_NAME},{RBX_NAME} non ha più la parola per le seguenti motivazioni: {RBX_NAME},{RBX_NAME} は次の理由によりミュートされました: {RBX_NAME},{RBX_NAME} foi silenciado(a). Motivo(s): {RBX_NAME},Пользователь {RBX_NAME} добавлен в список игнорируемых по следующим причинам: {RBX_NAME}
,,,You are now chatting in channel: '{RBX_NAME}',Du chattest jetzt in Kanal „{RBX_NAME}“.,,"Estás chateando en el canal ""{RBX_NAME}"".","Estás chateando en el canal ""{RBX_NAME}"".","Maintenant, vous discutez sur le canal : {RBX_NAME}","Ora stai parlando nel canale: ""{RBX_NAME}""",あなたの現在のチャットチャンネルは: '{RBX_NAME}' です。,Você agora está no canal de chat: '{RBX_NAME}',Вы общаетесь на канале «{RBX_NAME}»
,,,You have left channel '{RBX_NAME}',Du hast Kanal „{RBX_NAME}“ verlassen.,,"Has salido del canal ""{RBX_NAME}"".","Has salido del canal ""{RBX_NAME}"".",Vous avez quitté le canal {RBX_NAME},"Hai lasciato il canale ""{RBX_NAME}""",チャンネル '{RBX_NAME}' を退出しました。,Você saiu do canal '{RBX_NAME}',Вы покинули канал «{RBX_NAME}»
,,,CPU,CPU,,CPU,CPU,UCT,CPU,CPU,CPU,Процессор
,,,ROBLOX version is out of date. Please uninstall and try again.,Die ROBLOX-Version ist nicht aktuell. Bitte deinstallieren und erneut versuchen.,,"Esta versión de ROBLOX es obsoleta. Por favor, desinstálala y vuelve a intentarlo.","Esta versión de ROBLOX es obsoleta. Por favor, desinstálala y vuelve a intentarlo.",Cette version de ROBLOX est obsolète. Veuillez désinstaller et réessayer.,Versione di ROBLOX obsoleta. Disinstalla e riprova.,古いバージョンのROBLOXです。アンインストールしてリトライしてください。,Sua versão do ROBLOX não está atualizada. Desinstale e tente novamente.,Эта версия ROBLOX устарела. Удалите приложение и повторите попытку.
,,,Connection attempt failed.,Verbindungsaufbau fehlgeschlagen.,,Ha fallado el intento de conexión.,Ha fallado el intento de conexión.,Échec de la tentative de connexion.,Tentativo di connessione non riuscito.,接続に失敗しました。,Tentativa de conexão fracassada.,Не удалось подключиться.
,,,Version not compatible with server. Please uninstall and try again.,Version nicht mit Server kompatibel. Bitte deinstallieren und erneut versuchen.,,"Esta versión no es compatible con el servidor. Por favor, desinstálala y vuelve a intentarlo.","Esta versión no es compatible con el servidor. Por favor, desinstálala y vuelve a intentarlo.",Version incompatible avec le serveur. Veuillez désinstaller et réessayer.,Versione non compatibile con il server. Disinstalla e riprova.,サーバと互換性のないバージョンです。アンインストールしてリトライしてください。,Versão incompatível com servidor. Desinstale e tente novamente.,Версия приложения несовместима с сервером. Удалите приложение и повторите попытку.
,,,Network error {RBX_NUMBER},Netzwerkfehler {RBX_NUMBER},,Error de red {RBX_NUMBER},Error de red {RBX_NUMBER},Erreur réseau {RBX_NUMBER},Errore di rete {RBX_NUMBER},ネットワークエラー {RBX_NUMBER},Erro de rede {RBX_NUMBER},Ошибка сети {RBX_NUMBER}
,,,Camera Mode,Kameramodus,,Modo de cámara,Modo de cámara,Mode caméra,Modalità visuale,カメラのモード,Modo da câmera,Режим камеры
,,,This game is not available. Please try another,Dieses Spiel ist nicht verfügbar. Bitte probiere ein anderes.,,Este juego no está disponible. Inténtalo con otro.,Este juego no está disponible. Inténtalo con otro.,Ce jeu n'est pas disponible. Veuillez en essayer un autre,Questo gioco non è disponibile. Provane un altro,このゲームは利用できません。他を試してください。,Este jogo não está disponível. Tente outro,Эта игра недоступна. Попробуйте другую
,,,Failed to connect to the Game. (ID = {RBX_NUMBER}: {RBX_NAME}),Verbindung zum Spiel fehlgeschlagen. (ID = {RBX_NUMBER}: {RBX_NAME}),,No se ha podido conectar con el juego. (ID = {RBX_NUMBER}: {RBX_NAME}),No se ha podido conectar con el juego. (ID = {RBX_NUMBER}: {RBX_NAME}),Échec de la connexion au jeu. (ID = {RBX_NUMBER} : {RBX_NAME}),Connessione al gioco non riuscita. (ID = {RBX_NUMBER}: {RBX_NAME}),ゲームに接続できませんでした。(ID = {RBX_NUMBER}: {RBX_NAME}),Falha ao conectar no jogo. (ID = {RBX_NUMBER}: {RBX_NAME}),Не удалось подключиться к игре. (ID = {RBX_NUMBER}: {RBX_NAME})
,,,This game has shut down,Dieses Spiel wurde abgebrochen.,,Este juego ha sido cerrado.,Este juego ha sido cerrado.,Ce jeu a dû fermer.,Questo gioco è stato chiuso,このゲームはシャットダウン中です。,Este jogo foi encerrado,Эта игра больше не доступна
,,,You have lost the connection to the game,Die Verbindung zum Spiel wurde unterbrochen.,,Has perdido la conexión con el juego.,Has perdido la conexión con el juego.,Votre connexion au jeu a été perdue.,Sei stato disconnesso dal gioco,ゲームへの接続が失われました。,Você perdeu a conexão com o jogo,Прервано подключение к игре
,,,Notifications,Benachrichtigungen,,Notificaciones,Notificaciones,Notifications,Notifiche,お知らせ,Notificações,Уведомления
,,,Remove From Hotbar,Schnellzugriff entfernen,,Eliminar de la barra de acceso rápido,Eliminar de la barra de acceso rápido,Retirer de la barre de raccourcis,Togli da barra scelta rap.,ホットバーから削除,Remover da barra,Удалить из панели быстрого доступа
,,,Select/Swap,Auswählen,,Seleccionar/alternar,Seleccionar/alternar,Sélection/Échange,Selez./Scambia,選択/交換,Selecionar/trocar,Выбрать/сменить
,,,Close Backpack,Rucksack schließen,,Cerrar mochila,Cerrar mochila,Fermer le sac-à-dos,Chiudi zaino,バックパックを閉じる,Fechar mochila,Закрыть рюкзак
,,,You have no notifications,Du hast keine Benachrichtigungen.,,No tienes notificaciones,No tienes notificaciones,Vous avez des notifications,Non hai notifiche,お知らせはありません,Você não possui notificações,Уведомлений нет
,,,Switch Tool,Werkzeug wechseln,,Alternar herramienta,Alternar herramienta,Outil d'échange,Cambia strumento,ツールを交換,Trocar ferramenta,Сменить инструмент
,,,Camera Movement,Kamerabewegung,,Movimiento de la cámara,Movimiento de la cámara,Déplacement caméra,Movimento visuale,カメラの動き,Movimento da câmera,Движение камеры
,,,Game Menu Toggle,Spielmenü umschalten,,Alternar menú del juego,Alternar menú del juego,Menu du jeu (act./désact.),Attiva/Disattiva menu di gioco,ゲームメニュートグル,Ativar menu do jogo,Переключение игрового меню
,,,Menu Navigation,Menünavigation,,Navegación del menú,Navegación del menú,Navigation du menu,Menu di navigazione,メニューナビゲーション,Navegação do menu,Навигация меню
,,,Back,Zurück,,Atrás,Atrás,Retour,Indietro,戻る,Voltar,Назад
,,,Camera Zoom,Kamerazoom,,Distancia de la cámara,Distancia de la cámara,Zoom caméra,Zoom visuale,カメラズーム,Zoom da câmera,Масштаб камеры
,,,Account: Over 13 yrs,Konto: Über 13 J.,,Cuenta: Mayor de 13 años,Cuenta: Mayor de 13 años,Compte : Plus de 13 ans,Account: più di 13 anni,アカウント:13才以上,Conta: Mais de 13 anos,Учетная запись: Старше 13 лет
,,,Dismiss,Verwerfen,,Descartar,Descartar,Rejeter,Ignora,却下,Dispensar,Отклонить
,,,New Follower,Neuer Follower,,Seguidor nuevo,Seguidor nuevo,Nouvel abonné,Nuovo follower,新規フォロワー,Novo seguidor,Новый подписчик
,,,Cancel,Abbrechen,,Cancelar,Cancelar,Annuler,Annulla,キャンセル,Cancelar,Отмена
,,,An error occurred while unblocking {RBX_NAME}. Please try again later.,Bei der Aufhebung der Sperre von {RBX_NAME} ist ein Fehler aufgetreten. Bitte versuche es später erneut.,,Se ha producido un error al desbloquear a {RBX_NAME}. Inténtalo de nuevo más tarde.,Se ha producido un error al desbloquear a {RBX_NAME}. Inténtalo de nuevo más tarde.,Une erreur est survenue lors de la levée du blocage de {RBX_NAME}. Veuillez réessayer plus tard.,Si è verificato un errore nello sblocco di {RBX_NAME}. Riprova più tardi.,{RBX_NAME}のブロック解除中にエラーが発生しました。しばらくしてからやり直してください。,Um erro ocorreu ao desbloquear {RBX_NAME}. Tente de novo mais tarde.,При разблокировке пользователя {RBX_NAME} произошла ошибка. Повторите попытку позже.
,,,Would you like to unblock {RBX_NAME}?,Möchtest du die Sperre von {RBX_NAME} aufheben?,,¿Quieres desbloquear a {RBX_NAME}?,¿Quieres desbloquear a {RBX_NAME}?,Souhaitez-vous lever le blocage de {RBX_NAME} ?,Vuoi sbloccare {RBX_NAME}?,{RBX_NAME}をブロック解除しますか?,Gostaria de desbloquear {RBX_NAME}?,Разблокировать пользователя {RBX_NAME}?
,,,You are too far away to chat!,"Du bist zu weit entfernt, um zu chatten!",,¡Estás demasiado lejos para chatear!,¡Estás demasiado lejos para chatear!,Vous êtes trop loin pour discuter !,Sei troppo lontano per chattare!,遠すぎてチャット出来ません！,Você está longe demais para participar do chat!,Вы слишком далеко и не можете общаться в чате!
,,,Chat ended because you walked away,"Chat wurde beendet, da du dich entfernt hast.",,El chat ha finalizado porque te has alejado.,El chat ha finalizado porque te has alejado.,Le chat a pris fin car vous êtes parti,"La chat terminata, ti sei allontanato",立ち去ったのでチャットが終了しました。,O chat terminou porque você se afastou,Чат завершен: вы ушли.
,,,Chat ended because you didn't reply,"Chat wurde beendet, da du nicht geantwortet hast.",,El chat ha finalizado porque no has contestado.,El chat ha finalizado porque no has contestado.,Le chat a pris fin car vous n'avez pas répondu,"La chat terminata, non hai risposto",返事をしなかったのでチャットが終了しました。,O chat terminou porque você não respondeu,Чат завершен: вы не ответили.
,,,Goodbye!,Tschüss!,,¡Hasta luego!,¡Hasta luego!,Au revoir !,Addio!,さようなら！,Tchau!,До свидания!
,,,Character Movement,Charakterbewegung,,Movimiento del personaje,Movimiento del personaje,Déplacement personnage,Movimento personaggio,キャラクターの動き,Movimento de personagem,Движение персонажа
,,,Your account balance will not be affected by this transaction.,Das Guthaben deines Kontos wird durch diese Transaktion nicht beeinflusst.,,Esta transacción no modificará el saldo de tu cuenta.,Esta transacción no modificará el saldo de tu cuenta.,Le solde de votre compte ne sera pas affecté par cette transaction.,I fondi del tuo account non verranno intaccati da questa transazione.,この取引であなたのアカウントは変化しません。,O saldo da sua conta não será afetado por esta transação.,После операции средства не будут списаны с вашей учетной записи.
,,,You already own this item. Your account has not been charged.,Diesen Gegenstand besitzt du bereits. Dein Konto wurde nicht belastet.,,Ya tienes este objeto. No se ha llevado a cabo ningún cobro en tu cuenta.,Ya tienes este objeto. No se ha llevado a cabo ningún cobro en tu cuenta.,Vous possédez déjà cet objet. Votre compte n'a pas été débité.,Possiedi già questo oggetto. Il tuo account non ha subito addebiti.,既にこのアイテムを持っています。アカウントがチャージされませんでした。,Você já possui este item. Nada foi cobrado da sua conta.,У вас уже есть этот предмет. Средства с вашей учетной записи не списаны.
,,,This is a test purchase; your account will not be charged.,Dies ist ein Testkauf. Dein Konto wird dadurch nicht belastet.,,Esta compra es una prueba; no se llevará a cabo ningún cobro en tu cuenta.,Esta compra es una prueba; no se llevará a cabo ningún cobro en tu cuenta.,Ceci est un achat test ; votre compte ne sera pas débité.,Questo è un acquisto di prova; il tuo account non subirà addebiti.,これはテスト購入です。アカウントはチャージされません。,Esta é uma compra de teste. Nada será cobrado da sua conta.,Это тестовая покупка; средства не будут списаны с вашей учетной записи.
,,,This was a test purchase.,Dies war ein Testkauf.,,Esta compra ha sido una prueba.,Esta compra ha sido una prueba.,C'était un achat test.,Questo era un acquisto di prova.,テスト購入でした。,Esta foi uma compra de teste.,Это была тестовая покупка.
,,,Chat,Chat,,Chat,Chat,Chat,Chat,チャット,Chat,Чат
,,,Builders Club,Builders Club,,Builders Club,Builders Club,Builders Club,Builders Club,ビルダーズクラブ,Builders Club,Клуб создателей
,,,Turbo Builders Club,Turbo Builders Club,,Turbo Builders Club,Turbo Builders Club,Turbo Builders Club,Turbo Builders Club,ターボビルダーズクラブ,Turbo Builders Club,Потрясающий клуб создателей
,,,Outrageous Builders Club,Outrageous Builders Club,,Outrageous Builders Club,Outrageous Builders Club,Outrageous Builders Club,Turbo Builders Club,もの凄いビルダーズクラブ,Outrageous Builders Club,Невероятный клуб создателей
,,,Image,Bild,,Imagen,Imagen,Image,Immagine,イメージ,Imagem,Изображение
,,,T-Shirt,T-Shirt,,Camiseta,Camiseta,Tee-shirt,Maglietta,Tシャツ,Camiseta,Футболка
,,,Audio,Audio,,Audio,Audio,Audio,Audio,オーディオ,Áudio,Звук
,,,Mesh,Mesh,,Mesh,Mesh,Maillage,Mesh,メッシュ,Malha,Сетка
,,,Lua,Lua,,Lua,Lua,Lua,Lua,Lua,Lua,Lua
,,,HTML,HTML,,HTML,HTML,HTML,HTML,HTML,HTML,HTML
,,,Text,Text,,Texto,Texto,Texte,Testo,テキスト,Texto,Текст
,,,Hat,Hut,,Sombrero,Sombrero,Chapeau,Cappello,帽子,Chapéu,Головной убор
,,,Place,Ort,,Lugar,Lugar,Emplacement,Località,プレース,Local,Разместить
,,,Model,Modell,,Modelo,Modelo,Modèle,Modello,モデル,Modelo,Модель
,,,Shirt,Shirt,,Camisa,Camisa,Chemise,Camicia,シャツ,Camisa,Рубашка
,,,Pants,Hose,,Pantalones,Pantalones,Pantalon,Pantaloni,パンツ,Calças,Штаны
,,,Decal,Decal,,Adhesivo,Adhesivo,Décalcomanie,Decalcomania,デカール,Decalque,Наклейка
,,,Avatar,Avatar,,Avatar,Avatar,Avatar,Avatar,アバター,Avatar,Аватар
,,,Head,Kopf,,Cabeza,Cabeza,Tête,Testa,頭,Cabeça,Голова
,,,Face,Gesicht,,Cara,Cara,Visage,Faccia,顔,Rosto,Лицо
,,,Gear,Ausrüstung,,Equipamiento,Equipamiento,Équipement,Attrezzatura,ギア,Equipamento,Снаряжение
,,,Cheating/Exploiting,Cheats/Missbrauch,,Trampas/abuso de errores,Trampas/abuso de errores,Triche/Exploitation,Inganno/Sfruttamento,チート/悪用,Trapaça/abuso,Жульничество
,,,Badge,Abzeichen,,Emblema,Emblema,Badge,Contrassegno,バッジ,Emblema,Значок
,,,Group Emblem,Gruppenemblem,,Emblema de grupo,Emblema de grupo,Emblème de groupe,Emblema gruppo,グループエンブレム,Emblema de grupo,Эмблема группы
,,,Animation,Animation,,Animación,Animación,Animation,Animazione,アニメーション,Animação,Анимация
,,,Arms,Arme,,Brazos,Brazos,Bras,Braccia,腕,Braços,Руки
,,,Legs,Beine,,Piernas,Piernas,Jambes,Gambe,脚,Pernas,Ноги
,,,Torso,Körper,,Torso,Torso,Torse,Busto,胴体,Tronco,Корпус
,,,Right Arm,Rechter Arm,,Brazo derecho,Brazo derecho,Bras droit,Braccio destro,右腕,Braço direito,Правая рука
,,,Left Arm,Linker Arm,,Brazo izquierdo,Brazo izquierdo,Bras gauche,Braccio sinistro,左腕,Braço esquerdo,Левая рука
,,,Left Leg,Linkes Bein,,Pierna izquierda,Pierna izquierda,Jambe gauche,Gamba sinistra,左脚,Perna esquerda,Левая нога
,,,Right Leg,Rechtes Bein,,Pierna derecha,Pierna derecha,Jambe droite,Gamba destra,右脚,Perna direita,Правая нога
,,,Choose One,Triff deine Wahl,,Elige uno,Elige uno,Choisir un(e),Scegli,ひとつ選ぶ,Escolha um,Выберите один вариант
,,,Package,Paket,,Paquete,Paquete,Pack,Pacchetto,パッケージ,Pacote,Набор
,,,YouTube Video,YouTube-Video,,Vídeo de YouTube,Vídeo de YouTube,Vidéo YouTube,Video su YouTube,YouTube ビデオ,Vídeo do YouTube,Видео YouTube
,,,Game Pass,Spielpass,,Pase de juego,Pase de juego,Passe de jeu,Pass di gioco,ゲームパス,Passe de jogo,Игровой пропуск
,,,Plugin,Plug-in,,Plugin,Plugin,Plugin,Plug-in,プラグイン,Plugin,Расширение
,,,SolidModel,SolidModel,,SolidModel,SolidModel,SolidModel,Modello solido,ソリッドモデル,SolidModel,Твердая модель
,,,MeshPart,MeshPart,,MeshPart,MeshPart,MeshPart,Parte mesh,メッシュパーツ,SolidModel,Полигональная часть
,,,Hair Accessory,Haar-Accessoire,,Accesorio para el pelo,Accesorio para el pelo,Accessoire de cheveux,Accessorio capelli,ヘアアクセサリ,Acessório de cabelo,Аксессуар для волос
,,,Face Accessory,Gesichts-Accessoire,,Accesorio para la cara,Accesorio para la cara,Accessoire de visage,Accessorio faccia,顔アクセサリ,Acessório de rosto,Аксессуар для лица
,,,Neck Accessory,Hals-Accessoire,,Accesorio para el cuello,Accesorio para el cuello,Accessoire de cou,Accessorio collo,首アクセサリ,Acessório de pescoço,Аксессуар для шеи
,,,Shoulder Accessory,Schulter-Accessoire,,Accesorio para el hombro,Accesorio para el hombro,Accessoire d'épaule,Accessorio spalla,肩アクセサリ,Acessório de ombro,Аксессуар для плеч
,,,Classic,Klassisch,,Clásico,Clásico,Classique,Classica,クラッシック,Clássico,Классика
,,,Front Accessory,Front-Accessoire,,Accesorio frontal,Accesorio frontal,Accessoire avant,Accessorio anteriore,前面アクセサリ,Acessório da frente,Передний аксессуар
,,,Back Accessory,Rücken-Accessoire,,Accesorio trasero,Accesorio trasero,Accessoire arrière,Accessorio posteriore,背面アクセサリ,Acessório de trás,Задний аксессуар
,,,Waist Accessory,Taillen-Accessoire,,Accesorio para la cintura,Accesorio para la cintura,Accessoire de taille,Accessorio vita,ウエストアクセサリ,Acessório de cintura,Аксессуар для талии
,,,Climb Animation,Kletteranimation,,Animación de escalada,Animación de escalada,Animation d'escalade,Animazione scalata,登りアニメーション,Animação de escalada,Анимация подъема
,,,Fall Animation,Fallanimation,,Animación de caída,Animación de caída,Animation de chute,Animazione caduta,落下アニメーション,Animação de queda,Анимация падения
,,,Idle Animation,Untätige Animation,,Animación de inactividad,Animación de inactividad,Animation oisif,Animazione inattività,アイドル状態アニメーション,Animação de inatividade,Анимация ожидания
,,,Jump Animation,Springanimation,,Animación de salto,Animación de salto,Animation de saut,Animazione salto,ジャンプアニメーション,Animação de salto,Анимация прыжка
,,,Run Animation,Laufanimation,,Animación de carrera,Animación de carrera,Animation de course,Animazione corsa,ランアニメーション,Animação de corrida,Анимация бега
,,,Swim Animation,Schwimmanimation,,Animación de natación,Animación de natación,Animation de nage,Animazione nuotata,泳ぎアニメーション,Animação de nado,Анимация плавания
,,,Walk Animation,Gehanimation,,Animación de marcha,Animación de marcha,Animation de marche,Animazione camminata,歩きアニメーション,Animação de caminhada,Анимация ходьбы
,,,Click to Move,Zum Bewegen klicken,,Clic para moverse,Clic para moverse,Cliquer pour se déplacer,Clicca per muovere,クリックして移動,Clique para mover,"Нажмите, чтобы передвигаться"
,,,This item cost more ROBUX than you have available. Please leave this game and go to the ROBUX screen to purchase more.,"Dieser Gegenstand kostet mehr ROBUX, als dir zur Verfügung stehen. Bitte verlasse dieses Spiel, gehe zum ROBUX-Menü und kaufe dort mehr.",,Este objeto cuesta más ROBUX de los que tienes disponibles. Sal de este juego y ve a la pantalla de ROBUX para comprar más.,Este objeto cuesta más ROBUX de los que tienes disponibles. Sal de este juego y ve a la pantalla de ROBUX para comprar más.,Cet objet coûte plus de ROBUX que vous n'en avez. Veuillez quitter le jeu et aller à l'écran ROBUX pour en acheter plus.,Questo oggetto costa più ROBUX di quanti tu ne abbia. Esci dal gioco e vai nella schermata dei ROBUX per acquistarne altri.,このアイテムを買うにはお持ちのROBUXでは足りません。ゲームをやめて購入のためROBUX画面に行ってください。,Este item custa mais ROBUX do que você possui disponível. Saia do jogo e vá para a tela de ROBUX para comprar mais.,"Цена товара превышает имеющееся у вас количество ROBUX. Выйдите из этой игры и перейдите в раздел ROBUX, чтобы купить больше."
,,,This item cost more ROBUX than you can purchase. Please visit www.roblox.com to purchase more ROBUX.,"Dieser Gegenstand kostet mehr ROBUX, als du kaufen kannst. Bitte besuche www.roblox.com, um mehr ROBUX zu kaufen.",,Este objeto cuesta más ROBUX de los que puedes comprar. Visita www.roblox.com para comprar más ROBUX.,Este objeto cuesta más ROBUX de los que puedes comprar. Visita www.roblox.com para comprar más ROBUX.,Cet objet coûte trop de ROBUX pour que vous l'achetiez. Veuillez vous rendre sur www.roblox.com pour acheter plus de ROBUX.,Questo oggetto costa più ROBUX di quanti tu possa acquistarne. Visita il sito www.roblox.com per acquistare altri ROBUX.,このアイテムを買うにはあなたが購入可能なROBUXでは足りません。www.roblox.com にアクセスしてROBUXを追加購入してください。,Este item custa mais ROBUX do que você pode comprar. Visite www.roblox.com para comprar mais ROBUX.,"Цена товара превышает количество ROBUX, которое вы можете купить. Перейдите на страницу www.roblox.com, чтобы приобрести больше ROBUX."
,,,You need {RBX_NUMBER} more {RBX_NAME} to buy this item.,"Du benötigst noch {RBX_NUMBER} weitere {RBX_NAME}, um diesen Gegenstand zu kaufen.",,Necesitas {RBX_NUMBER} {RBX_NAME} más para comprar este objeto.,Necesitas {RBX_NUMBER} {RBX_NAME} más para comprar este objeto.,Vous avez besoin de {RBX_NUMBER} {RBX_NAME} de plus pour acheter cet objet.,Hai bisogno di {RBX_NUMBER} {RBX_NAME} in più per comprare questo oggetto.,このアイテムを買うにはあと {RBX_NUMBER} の {RBX_NAME} が必要です。,Você precisa de mais {RBX_NUMBER} {RBX_NAME} para comprar este item.,Для покупки этого товара требуется на {RBX_NUMBER} больше {RBX_NAME}.
,,,Do you allow game to create new place in your inventory?,"Erlaubst du dem Spiel, mehr Platz in deinem Inventar zu schaffen?",,¿Quieres permitir que el juego cree un espacio nuevo en tu inventario?,¿Quieres permitir que el juego cree un espacio nuevo en tu inventario?,Autorisez-vous le jeu à créer un nouvel emplacement dans votre inventaire ?,Vuoi permettere al gioco di creare nuovo spazio nel tuo inventario?,あなたのインベントリに新しい場所を作成しても良いですか？,Você permite que o jogo crie um novo espaço em seu inventário?,Разрешить игре создать новое место в вашем инвентаре?
,,,Hiding Core GUI,Grafische Standard-Benutzeroberfläche verbergen,,Ocultando GUI básica,Ocultando GUI básica,Cacher l'IGU principale,Nascondere interfaccia base,コア GUI を隠す。,Escondendo interface básica,Скрытие элементов основного интерфейса
,,,Ctrl-Shift-G again to restore.,Zum Wiederherstellen erneut Strg-Umschalt-G drücken.,,Vuelve a pulsar Ctrl-Mayús-G para restablecerla.,Vuelve a pulsar Ctrl-Mayús-G para restablecerla.,Ctrl-Maj-G pour la restaurer.,Ancora CTRL-MAIUSC-G per ripristinare.,Ctrl-Shift-G をもう一度押してリストア。,Ctrl-Shift-G de novo para restaurar.,"Снова нажмите Ctrl-Shift-G, чтобы восстановить."
,,,Hiding Custom GUI,Individuelle grafische Benutzeroberfläche verbergen,,Ocultando GUI personalizada,Ocultando GUI personalizada,Cacher l'IGU personnalisée,Nascondere interfaccia personalizzata,カスタムGUIを隠す。,Escondendo interface personalizada,Скрытие элементов пользовательского интерфейса
,,,Ctrl-Shift-C again to restore.,Zum Wiederherstellen erneut Strg-Umschalt-C drücken.,,Vuelve a pulsar Ctrl-Mayús-C para restablecerla.,Vuelve a pulsar Ctrl-Mayús-C para restablecerla.,Ctrl-Maj-C pour la restaurer.,Ancora CTRL-MAIUSC-C per ripristinare.,Ctrl-Shift-Cをもう一度教えてリストア。,Ctrl-Shift-C de novo para restaurar.,"Снова нажмите Ctrl-Shift-C, чтобы восстановить."
,,,"Requested game is full, retrying...",Gewünschtes Spiel ist voll. Neuer Versuch ...,,El juego solicitado está lleno. Intentándolo de nuevo...,El juego solicitado está lleno. Intentándolo de nuevo...,"Le jeu demandé est complet, nouvelle tentative...",Il gioco richiesto è al completo. Nuovo tentativo...,リクエストしたゲームは満員です。リトライ中...,O jogo solicitado está cheio. Tentando de novo...,Запрашиваемая игра переполнена. Новая попытка...
,,,Could not connect to game because game is disabled,"Verbindung zum Spiel konnte nicht hergestellt werden, da das Spiel deaktiviert ist.",,No se ha podido conectar al juego porque está desactivado.,No se ha podido conectar al juego porque está desactivado.,Impossible de se connecter au jeu car il a été désactivé,Impossibile connettersi al gioco perché è disattivato,ゲームが無効なため接続できませんでした。,Impossível conectar pois o jogo está desabilitado,"Не удалось подключиться к игре, так как она недоступна."
,,,Could not connect to game because game failed to start,"Verbindung zum Spiel konnte nicht hergestellt werden, da das Spiel nicht gestartet werden konnte.",,No se ha podido conectar al juego porque no se ha podido iniciar.,No se ha podido conectar al juego porque no se ha podido iniciar.,Impossible de se connecter au jeu car il n'a pas réussi à être lancé,Impossibile connettersi al gioco perché l'avvio non è riuscito,ゲームの起動に失敗したため接続できませんでした。,Impossível conectar pois o jogo não conseguiu iniciar,"Не удалось подключиться к игре, так как она не запустилась."
,,,D/Right Arrow,D/Pfeil rechts,,D/Cursor derecho,D/Cursor derecho,D/Flèche droite,D/Freccia DESTRA,D/右カーソル,D/seta direita,D/стрелка вправо
,,,Could not connect to game because game has ended,"Verbindung zum Spiel konnte nicht hergestellt werden, da das Spiel beendet wurde.",,No se ha podido conectar al juego porque ha terminado.,No se ha podido conectar al juego porque ha terminado.,Impossible de se connecter au jeu car il est terminé,Impossibile connettersi al gioco perché è terminato,ゲームが終了したため接続できませんでした。,Impossível conectar pois o jogo já acabou,"Не удалось подключиться к игре, так как она завершилась."
,,,Could not connect to game because game is full,"Verbindung zum Spiel konnte nicht hergestellt werden, da das Spiel voll ist.",,No se ha podido conectar al juego porque está lleno.,No se ha podido conectar al juego porque está lleno.,Impossible de se connecter au jeu car il est complet,Impossibile connettersi al gioco perché è al completo,ゲームが満員なため接続できませんでした。,Impossível conectar pois o jogo está cheio,"Не удалось подключиться к игре, так как она переполнена."
,,,Could not connect to game because user you were following has left the game,"Verbindung zum Spiel konnte nicht hergestellt werden, da der Benutzer, dem du gefolgt bist, das Spiel verlassen hat.",,No se ha podido conectar al juego porque el jugador al que seguías ha salido del mismo.,No se ha podido conectar al juego porque el jugador al que seguías ha salido del mismo.,Impossible de se connecter au jeu car l'utilisateur que vous suiviez l'a quitté,Impossibile connettersi al gioco perché l'utente che stavi seguendo è uscito,フォロー中のユーザーがゲームから退出したため接続できませんでした。,Impossível conectar pois o usuário que você estava seguindo saiu do jogo,"Не удалось подключиться к игре, так как игрок, за которым вы последовали, ее покинул."
,,,Could not connect to game because it is not available for your platform,"Verbindung zum Spiel konnte nicht hergestellt werden, da es für deine Plattform nicht verfügbar ist.",,No se ha podido conectar al juego porque no está disponible para tu plataforma.,No se ha podido conectar al juego porque no está disponible para tu plataforma.,Impossible de se connecter au jeu car il n'est pas disponible sur votre plateforme,Impossibile connettersi al gioco perché non è disponibile per la tua piattaforma,プラットフォームが非対応なため接続できませんでした。,Impossível conectar pois o jogo não está disponível para a sua plataforma,"Не удалось подключиться к игре, так как она недоступна на вашей платформе."
,,,Could not connect to game due to join script failure,"Verbindung zum Spiel konnte nicht hergestellt werden, da ein Problem mit dem Beitrittsskript aufgetreten ist.",,No se ha podido conectar al juego a causa de un error en el script de unión.,No se ha podido conectar al juego a causa de un error en el script de unión.,Impossible de se connecter au jeu du fait d'un échec du script pour le rejoindre,Impossibile connettersi al gioco per un errore dello script di accesso,参加スクリプトの失敗により接続できませんでした。,Impossível conectar devido a uma falha no script de entrada,Не удалось подключиться к игре из-за ошибки в сценарии подключения.
,,,"Game join request expired or invalid, please try again.",Anfrage zum Spielbeitritt abgelaufen oder ungültig. Bitte versuche es erneut.,,La solicitud para unirse al juego ha caducado o no es válida. Inténtalo de nuevo.,La solicitud para unirse al juego ha caducado o no es válida. Inténtalo de nuevo.,"La demande pour rejoindre le jeu a expirée ou est invalide, veuillez réessayer.",Richiesta di accesso al gioco scaduta o non valida. Riprova.,ゲーム参加リクエストが期限切れか無効です。やり直してください。,Pedido de entrada no jogo expirado ou inválido. Tente novamente.,"Срок приглашения в игру истек, или оно является недействительным. Повторите попытку."
,,,"Could not connect to game, please try again later.",Verbindung zum Spiel konnte nicht hergestellt werden. Bitte versuche es später erneut.,,No se ha podido conectar al juego. Inténtalo de nuevo más tarde.,No se ha podido conectar al juego. Inténtalo de nuevo más tarde.,"Impossible de se connecter au jeu, veuillez réessayer plus tard.",Impossibile connettersi al gioco. Riprova più tardi.,ゲームに接続できませんでした。しばらくしてからやり直してください。,Impossível conectar ao jogo. Tente de novo mais tarde.,Не удалось подключиться к игре. Повторите попытку позже.
,,,Confirm Unblock,Aufhebung der Sperre bestätigen,,Confirmar desbloqueo,Confirmar desbloqueo,Confirmer le déblocage,Conferma sblocco,ブロック解除を確認,Confirmar desbloqueio,Подтверждение разблокировки
,,,Error Blocking Player,Fehler beim Sperren des Spielers,,Error al bloquear al jugador,Error al bloquear al jugador,Erreur en bloquant le joueur,Errore di blocco giocatore,プレーヤーブロックエラー,Erro ao bloquear jogador,Ошибка блокировки игрока
,,,Confirm Block,Sperre bestätigen,,Confirmar bloqueo,Confirmar bloqueo,Confirmer le blocage,Conferma blocco,ブロックを確認,Confirmar bloqueio,Подтверждение блокировки
,,,Dating,Dating,,Solicitud de cita,Solicitud de cita,Drague,Appuntamento,デートの誘い,Namoro,Флирт
,,,Error Unblocking Player,Fehler beim Aufheben der Sperre des Spielers,,Error al desbloquear al jugador,Error al desbloquear al jugador,Erreur en levant le blocage du joueur,Errore di sblocco giocatore,プレーヤーブロック解除エラー,Erro ao desbloquear jogador,Ошибка разблокировки игрока
,,,An error occurred while unfriending {RBX_NAME}. Please try again later.,Bei der Entfernung von {RBX_NAME} als Freund ist ein Fehler aufgetreten. Bitte versuche es später erneut.,,Se ha producido un error al cancelar la amistad con {RBX_NAME}. Inténtalo de nuevo más tarde.,Se ha producido un error al cancelar la amistad con {RBX_NAME}. Inténtalo de nuevo más tarde.,Une erreur est survenue lors de la suppression de l'ami {RBX_NAME}. Veuillez réessayer plus tard.,Si è verificato un errore nel togliere l'amicizia a {RBX_NAME}. Riprova più tardi.,{RBX_NAME}を友達解除する際にエラーが発生しました。しばらくしてからやり直してください。,Um erro ocorreu ao cancelar amizade com {RBX_NAME}. Tente de novo mais tarde.,При удалении пользователя {RBX_NAME} из друзей произошла ошибка. Повторите попытку позже.
,,,Okay,Okay,,Aceptar,Aceptar,D'accord,OK,OK,Ok,ОК
,,,Send Request,Anfrage senden,,Enviar solicitud,Enviar solicitud,Envoyer demande,Invia richiesta,リクエスト送信,Enviar pedido,Отправить запрос
,,,You can not send a friend request because you are at the max friend limit.,"Du kannst keine Freundesanfrage senden, da du die max. Anzahl an Freunden erreicht hast.",,No puedes enviar una solicitud de amistad porque has alcanzado el límite máximo de amigos.,No puedes enviar una solicitud de amistad porque has alcanzado el límite máximo de amigos.,Vous ne pouvez pas envoyer une demande d'ami car vous avez atteint votre limite maximale d'amis.,Non puoi inviare una richiesta di amicizia perché hai raggiunto il limite massimo di amici.,最大友達数に達したため友達リクエストが送れません。,Você não pode enviar um pedido de amizade pois você alcançou o limite máximo de amigos.,Вы не можете отправить запрос дружбы: количество ваших друзей достигло максимума.
,,,Friend Limit Reached,Max. Anzahl an Freunden erreicht,,Has alcanzado el límite de amigos,Has alcanzado el límite de amigos,Limite d'amis atteinte,Limiti di amici raggiunto,友達,Limite de amigos alcançado,Достигнуто максимальное количество друзей
,,,Decline,Ablehnen,,Rechazar,Rechazar,Décliner,Declina,拒否する,Recusar,Отклонить
,,,Account: 13+,Konto: 13+,,Cuenta: 13+,Cuenta: 13+,Compte : 13+,Account: più di 13 anni,アカウント:13+,Conta: 13+,Учетная запись: 13+
,,,Send Game Invites,Spieleinladungen senden,,Enviar invitaciones al juego,Enviar invitaciones al juego,Envoyer des invitations,Manda inviti di gioco,ゲームへの招待を送る,Enviar convites,Отправить приглашения
,,,Safe Zone,Sichere Zone,,Zona segura,Zona segura,Zone sécurisée,Zona sicura,セーフゾーン,Zona de segurança,Безопасная зона
,,,Adjust,Anpassen,,Ajustar,Ajustar,Ajuster,Modifica,調節,Ajustar,Настроить
,,,Joining server,Serverbeitritt,,Uniéndose al servidor...,Uniéndose al servidor...,Connexion au serveur...,Connessione al server,サーバーに接続中,Entrando no servidor,Подключение к серверу
,,,Account: <13,Konto: <13,,Cuenta: <13,Cuenta: <13,Compte : <13,Account: <13,アカウント: <13,Conta: <13,Учетная запись: <13
,,,DynamicThumbstick,Dynamischer Thumbstick,,Pulsador dinámico,Pulsador dinámico,Thumbstick Dynamique,Pattina dinamica,ダイナミックなつまみ,Thumbstick Dinâmico,Динамический джойстик
,,,Default (Classic),Standard (Klassisch),,Predeterminado (clásico),Predeterminado (clásico),Par défaut (Classique),Predefinita (Classica),デフォルト (クラッシック),Padrão (clássico),По умолчанию (классика)
,,,Accept Friend Request,Freundschaftsanfrage akzeptieren,,Aceptar solicitud de amistad,Aceptar solicitud de amistad,Accepter l'invitation d'un ami,Accetta la richiesta di amicizia,友人のリクエストを受け入れる,Aceitar solicitação de amizade,Принять запрос друга
,,,Decline Friend Request,Freundschaftsanfrage ablehnen,,Rechazar solicitud de amistad,Rechazar solicitud de amistad,Refuser la demande d'ami,Declinare la richiesta di un amico,フレンドリクエストを拒否する,Rejeitar pedido de amizade,Отклонить запрос друга
,,,Developer Console,Entwicklerkonsole,,Consola de desarrollo,Consola de desarrollo,Console de développement,Console sviluppatore,デベロッパーコンソール,Console de desenvolvimento,Консоль разработчика
,,,Open,Öffnen,,Abrir,Abrir,Ouvert(e),Apri,開く,Abrir,Открыть
,,,Revoke Friend Request,Widerruf der Freundschaftsanfrage,,Revocar solicitud de amigo,Revocar solicitud de amigo,Révoquer une demande d'ami,Revoca richiesta amico,フレンドリクエストを取り消す,Revocar pedido de amigo,Отменить запрос друга
,,,Screenshot Taken,Screenshot gespeichert,,Captura tomada,Captura tomada,Capture d'écran prise,Screenshot catturato,撮影したスクリーンショット,Captura de tela salva,Снимок экрана сделан
,,,Check out your screenshots folder to see it.,Sieh ihn dir im Ordner mit den Screenshots an.,,Puedes verla en la carpeta de capturas de pantalla.,Puedes verla en la carpeta de capturas de pantalla.,Ouvrez le dossier des captures d'écran pour la visualiser.,Vai nella cartella screenshot per vederlo.,確認するにはスクリーンショットフォルダをチェック。,Confira sua pasta de capturas de tela para vê-la.,"Откройте папку со снимками экрана, чтобы его увидеть."
,,,Open Folder,Ordner öffnen,,Abrir carpeta,Abrir carpeta,Ouvrir le dossier,Apri cartella,フォルダを開く,Abrir pasta,Открыть папку
,,,Video Recorded,Video aufgezeichnet,,Vídeo grabado,Vídeo grabado,Vidéo enregistrée,Video registrato,録画したビデオ,Vídeo gravado,Видео записано
,,,Default (Keyboard),Standard (Tastatur),,Predeterminado (teclado),Predeterminado (teclado),Par défaut (Clavier),Predefinita (Tastiera),デフォルト (キーボード),Padrão (teclado),По умолчанию (клавиатура)
,,,Check out your videos folder to see it.,Sieh es dir im Ordner mit den Videos an.,,Puedes verlo en la carpeta de vídeos.,Puedes verlo en la carpeta de vídeos.,Ouvrez le dossier des captures d'écran pour la visualiser.,Vai nella cartella video per vederlo.,確認するにはビデオフォルダをチェック。,Confira sua pasta de vídeos para vê-lo.,"Откройте папку с видеозаписями, чтобы его увидеть."
,,,Thanks for your report! Our moderators will review the chat logs and evaluate what happened.,"Danke für deine Meldung! Unsere Moderatoren werden sich die Chatprotokolle ansehen und überprüfen, was vorgefallen ist.",,Gracias por denunciarlo. Nuestros moderadores comprobarán el registro del chat para analizar lo sucedido.,Gracias por denunciarlo. Nuestros moderadores comprobarán el registro del chat para analizar lo sucedido.,Merci pour ce signalement ! Nos modérateurs vont examiner le journal de chat et évaluer la situation.,Grazie della segnalazione! I moderatori controlleranno i registri della chat ed esamineranno l'accaduto.,ご報告ありがとうございます！ モデレーターがチャットログから状況を確認致します。,Obrigado por sua denúncia! Nossos moderadores revisarão o histórico de chat e avaliarão o ocorrido.,"Спасибо за сообщение! Наши модераторы просмотрят журнал чата, чтобы оценить ситуацию."
,,,Thanks for your report! We've recorded your report for evaluation.,Danke für deine Meldung! Sie wurde zur Auswertung gespeichert.,,Gracias por denunciarlo. Hemos guardado la denuncia para analizar lo sucedido.,Gracias por denunciarlo. Hemos guardado la denuncia para analizar lo sucedido.,Merci pour ce signalement ! Nous l'avons bien pris en compte et allons l'examiner.,Grazie della segnalazione! La tua segnalazione è stata registrata per essere esaminata.,ご報告ありがとうございます！ レポートは評価のため記録されました。,Obrigado por sua denúncia! Registramos a sua denúncia para que seja avaliada.,Спасибо за сообщение! Оно будет рассмотрено.
,,,Thanks for your report! Our moderators will evaluate the username.,Danke für deine Meldung! Unsere Moderatoren werden den Benutzernamen überprüfen.,,Gracias por denunciarlo. Nuestros moderadores analizarán el nombre de usuario.,Gracias por denunciarlo. Nuestros moderadores analizarán el nombre de usuario.,Merci pour ce signalement ! Nos modérateurs vont examiner le nom de cet utilisateur.,Grazie della segnalazione! I moderatori esamineranno il nome utente.,ご報告ありがとうございます！ モデレーターが該当ユーザー名を確認致します。,Obrigado por sua denúncia! Nossos moderadores avaliarão o nome de usuário.,Спасибо за сообщение! Наши модераторы изучат поведение этого пользователя.
,,,Thanks for your report! Our moderators will review the place and make a determination.,Danke für deine Meldung! Unsere Moderatoren werden sich die Sache ansehen und eine Entscheidung treffen.,,Gracias por denunciarlo. Nuestros moderadores analizarán el juego y tomarán una decisión.,Gracias por denunciarlo. Nuestros moderadores analizarán el juego y tomarán una decisión.,Merci pour ce signalement ! Nos modérateurs vont examiner le jeu avant de prendre une décision.,Grazie della segnalazione! I moderatori esamineranno il gioco e prenderanno una decisione.,ご報告ありがとうございます！ モデレーターが場所を確認のうえ対応致します。,Obrigado por sua denúncia! Nossos moderadores verificarão o jogo e irão tomar uma decisão.,Спасибо за сообщение! Наши модераторы изучат это место и примут решение.
,,,Canceling...,Abbrechen ...,,Cancelando...,Cancelando...,Annulation...,Annullamento...,キャンセル中...,Cancelando...,Отмена...
,,,Memory,Speicher,,Memoria,Memoria,Mémoire,Memoria,メモリー,Memória,Память
,,,Physics,Physik,,Física,Física,Physique,Fisica,物理エンジン,Física,Физика
,,,Dev Console,Entwicklerkonsole,,Consola de desarrollo,Consola de desarrollo,Console de dév.,Console svilup.,Dev コンソール,Console de dev.,Консоль разработчика
,,,Camera Sensitivity,Kameraempfindlichkeit,,Sensibilidad de la cámara,Sensibilidad de la cámara,Sensibilité Camèra,Sensibilità della fotocamera,カメラの感度,Sensibilidade da câmera,Чувствительность камеры
,,,Camera Inverted,Kamera invertiert,,Cámara invertida,Cámara invertida,Caméra Inversée,Macchina fotografica invertita,カメラの反転,Câmera Invertida,Перевернутая камера
,,,Don't Leave,Nicht verlassen,,No salir,No salir,Ne pas quitter,Non uscire,やめない,Não sair,Не выходить
,,,Don't Reset,Nicht zurücksetzen,,No reiniciar,No reiniciar,Ne pas réinitialiser,Non azzerare,リセットしない,Não reiniciar,Не сбрасывать
,,,Drop Tool,Werkzeug ablegen,,Soltar herramienta,Soltar herramienta,Lâcher outil,Lascia strumento,ドロップツール,Largar,Выбросить инструм.
,,,ESC,ESC,,ESC,ESC,ÉCHAP,ESC,ESC,ESC,ESC
,,,Equip Tools,Werkzeuge aktivieren,,Equipar herramientas,Equipar herramientas,Prendre outils,Equipaggia strum.,ツールを装備する,Equipar,Назначить инструм.
,,,Follow,Folgen,,Seguir,Seguir,Suivre,Segui,フォロー,Seguir,Слежение
,,,Fullscreen,Vollbild,,Pantalla completa,Pantalla completa,Plein écran,Schermo intero,フルスクリーン,Tela cheia,Полный экран
,,,GPU,GPU,,GPU,GPU,Processeur Graphique,GPU,GPU,GPU,Графический процессор
,,,Game,Spiel,,Juego,Juego,Jeu,Gioco,ゲーム,Jogo,Игра
,,,Game or Player?,Spiel oder Spieler?,,¿Juego o jugador?,¿Juego o jugador?,Jeu ou joueur ?,Gioco o giocatore?,ゲームですかプレーヤーですか？,Jogo ou jogador?,Игра или игрок?
,,,Goodbye!,Tschüss!,,¡Hasta luego!,¡Hasta luego!,Au revoir !,Addio!,さようなら！,Tchau!,До свидания!
,,,Graphics Level,Grafikstufe,,Nivel de gráficos,Nivel de gráficos,Niveau graphismes,Livello grafica,グラフィックレベル,Nível dos gráficos,Уровень графики
,,,Graphics Mode,Grafikmodus,,Modo de gráficos,Modo de gráficos,Mode graphismes,Modalità grafica,グラフィックモード,Modo de gráficos,Режим графики
,,,Graphics Quality,Grafikqualität,,Calidad gráfica,Calidad gráfica,Qualité graphismes,Qualità grafica,グラフィック品質,Qualidade dos gráficos,Качество графики
,,,Help,Hilfe,,Ayuda,Ayuda,Aide,Guida,ヘルプ,Ajuda,Справка
,,,Inappropriate Content,Unangemessener Inhalt,,Contenido inadecuado,Contenido inadecuado,Contenu inapproprié,Contenuto non appropriato,不適切なコンテンツ,Conteúdo inapropriado,Недопустимое содержимое
,,,Inappropriate Username,Unangemessener Benutzername,,Nombre de usuario inadecuado,Nombre de usuario inadecuado,Nom d'utilisateur inapproprié,Nome utente non appropriato,不適切なユーザ名,Nome de usuário inapropriado,Недопустимое имя пользователя
,,,Jump,Springen,,Saltar,Saltar,Sauter,Salta,ジャンプ,Pular,Прыжок
,,,KOs,K.O.s,,N.º de KO,N.º de KO,Ko,KO,KO回数,Nocautes,Нокауты
,,,Keyboard + Mouse,Tastatur + Maus,,Teclado + ratón,Teclado + ratón,Clavier + souris,Tastiera e mouse,キーボード+ マウス,Teclado + mouse,Клавиатура + мышь
,,,"1,2,3...","1,2,3...",,"1,2,3...","1,2,3...","1, 2, 3...","1, 2, 3...","1,2,3...","1,2,3...","1,2,3..."
,,,Label,Label,,Etiqueta,Etiqueta,Étiquette,Etichetta,ラベル,Rótulo,Метка
,,,Leave,Verlassen,,Salir,Salir,Quitter,Esci,やめる,Sair,Выйти
,,,Leave Game,Spiel verlassen,,Salir del juego,Salir del juego,Quitter le jeu,Esci dal gioco,ゲームをやめる,Sair do jogo,Выйти из игры
,,,Left Mouse Button,Linke Maustaste,,Botón izquierdo del ratón,Botón izquierdo del ratón,Bouton gauche de la souris,Sinistro/Mouse,左マウスボタン,Mouse (esquerdo),ЛКМ
,,,Loading,Laden,,Cargando,Cargando,En cours,Caricamento,ロード中,Carregando,Загрузка
,,,Loading.,Laden.,,Cargando.,Cargando.,En cours.,Caricamento.,ロード中.,Carregando.,Загрузка
,,,Loading..,Laden ...,,Cargando..,Cargando..,En cours..,Caricamento..,ロード中..,Carregando..,Загрузка
,,,Loading...,Laden ...,,Cargando...,Cargando...,En cours...,Caricam...,ロード中...,Carregando...,Загрузка
,,,Manual,Manuell,,Manual,Manual,Manuel,Manuale,マニュアル,Manual,Вручную
,,,Mem,Spe.,,Mem.,Mem.,Mém,Mem,メモリー,Mem.,Память
,,,A/Left Arrow,A/Pfeil links,,A/Cursor izquierdo,A/Cursor izquierdo,A/Flèche gauche,A/Freccia SINISTRA,A/左カーソル,A/seta esquerda,A/стрелка влево
,,,Menu Items,Menüobjekte,,Objetos del menú,Objetos del menú,Objets du menu,Oggetti menu,メニューアイテム,Itens de menu,Пункты меню
,,,Misc,Verschiedenes,,Misc.,Misc.,Divers,Vari,その他,Misc.,Разное
,,,Mouse Sensitivity,Mausempfindlichkeit,,Sensibilidad del ratón,Sensibilidad del ratón,Sensibilité de la souris,Precisione mouse,マウス感度,Sensibilidade do mouse,Чувствительность мыши
,,,Mouse Wheel,Mausrad,,Rueda del ratón,Rueda del ratón,Molette de la souris,Rotellina mouse,マウスホイール,Roda do mouse,Колесо мыши
,,,Mouselock,Maussperre,,Bloqueo del ratón,Bloqueo del ratón,Verrouillage souris,Blocco mouse,マウスロック,Travar mouse,Фиксация мыши
,,,Move Backward,Rückwärts,,Moverse hacia atrás,Moverse hacia atrás,Reculer,Muovi indietro,後ろに移動,Mover (trás),Назад
,,,Move Forward,Vorwärts,,Moverse hacia delante,Moverse hacia delante,Avancer,Muovi in avanti,前に移動,Mover (frente),Вперед
,,,Move Left,Nach links,,Moverse a la izquierda,Moverse a la izquierda,Aller à gauche,Muovi a sinistra,左に移動,Mover (esquerda),Влево
,,,Move Right,Nach rechts,,Moverse a la derecha,Moverse a la derecha,Aller à droite,Muovi a destra,右に移動,Mover (direita),Вправо
,,,Movement Mode,Bewegungsmodus,,Modo de movimiento,Modo de movimiento,Mode déplacement,Modalità movimento,動作モード,Modo de movimento,Режим передвижения
,,,Accept,Annehmen,,Aceptar,Aceptar,Accepter,Accetta,同意する,Aceitar,Принять
,,,OK,Okay,,Aceptar,Aceptar,Ok,OK,OK,OK,OK
,,,Off,Aus,,Desactivado,Desactivado,Arrêt,Disattivato,Off,Desligado,Выкл.
,,,Offsite Links,Externe Links,,Enlaces externos,Enlaces externos,Liens hors site,Collegamenti ad altri siti,外部リンク,Links externos,Внешние ссылки
,,,On,An,,Activado,Activado,Marche,Attivato,On,Ligado,Вкл.
,,,Perf. Stats,Leist. Werte,,Est. de rend.,Est. de rend.,Perf. Stats,Stat. prest.,パフォーマンス状態,Estat. Des.,Показатели произ.
,,,Performance Stats,Leistungswerte,,Estadísticas de rendimiento,Estadísticas de rendimiento,Stats de performance,Statistiche prestazioni,パフォーマンス状態,Estat. de desempenho,Показатели производительности
,,,Personal Question,Persönliche Frage,,Pregunta personal,Pregunta personal,Question personnelle,Domanda personale,個人的な質問,Pergunta pessoal,Личный вопрос
,,,Phys,Phys.,,Fís.,Fís.,Phys.,Fisico,物理,Fís.,Физ.
,,,Player,Spieler,,Jugador,Jugador,Joueur,Giocatore,プレーヤー,Jogador,Игрок
,,,Playerlist,Spielerliste,,Jugadores,Jugadores,Liste de joueurs,Lista giocatori,プレーヤーリスト,Jogadores,Список игроков
,,,Accessories,Accessoires,,Accesorios,Accesorios,Accessoires,Accessori,アクセサリ,Acessórios,Аксессуары
,,,Players,Spieler,,Jugadores,Jugadores,Joueurs,Giocatori,プレーヤー,Jogadores,Игроки
,,,Print Screen,Drucktaste,,Imprimir pantalla,Imprimir pantalla,Impression écran,STAMP,画面プリント,Print screen,Print Screen
,,,Purchasing,Wird gekauft ...,,Compras,Compras,Achat,Acquisto,購入,Comprando,Покупка
,,,Record,Aufzeichnen,,Grabar,Grabar,Enregistrer,Registra,録画,Gravar,Запись
,,,Record Video,Video aufnehmen,,Grabar vídeo,Grabar vídeo,Enregistrer vidéo,Registra video,ビデオ録画,Gravar vídeo,Запись видео
,,,Recv,Erh.,,Recib.,Recib.,Enr. v,Ricev.,受信,Receb.,Получ.
,,,Report,Melden,,Denunciar,Denunciar,Signaler,Segnala,レポート,Denunciar,Сообщить
,,,Requesting Server...,Serveranfrage ...,,Solicitando servidor...,Solicitando servidor...,Demande serveur...,Richiesta server...,サーバーを要求...,Solicitando servidor...,Запрос сервера...
,,,Reset,Zurück-\n setzen,,Reiniciar,Reiniciar,Réinitialiser,Azzera,リセット,Reiniciar,Сброс
,,,Resume Game,Spiel fortsetzen,,Seguir jugando,Seguir jugando,Reprendre le jeu,Riprendi gioco,ゲームを再開,Continuar jogo,Возобновить